11	1	21
32	4	24
37	8	23
31	10	22
8	14	6
3	5	3
34	3	23
4	3	7
30	2	10
22	8	21
5	6	28
7	4	18
48	9	29
20	4	6
41	8	19
8	3	26
15	10	13
18	3	3
6	2	25
23	1	5
23	5	1
3	8	9
39	1	20
30	2	22
5	5	28
29	4	18
30	7	26
23	2	26
14	11	7
43	1	5
37	8	17
42	14	28
9	11	1
17	6	5
10	10	17
34	4	26
6	8	26
12	12	17
13	1	5
7	11	23
5	13	29
27	13	17
9	4	11
1	6	14
29	4	3
37	4	13
16	9	15
16	11	16
13	7	20
48	9	27
39	1	1
12	4	13
9	9	25
2	8	1
27	2	4
21	10	17
24	8	22
36	12	5
15	11	5
24	5	11
44	3	19
22	4	11
23	6	1
32	8	19
30	5	3
24	11	19
21	12	25
5	7	3
10	1	7
42	14	14
14	10	10
24	2	9
18	2	26
37	14	9
27	12	28
5	2	16
5	12	29
26	1	14
26	12	21
28	4	6
7	9	13
28	6	26
16	2	5
39	2	20
39	10	26
28	8	20
8	2	27
34	11	3
24	11	19
42	14	11
30	12	26
34	9	10
43	14	14
3	11	1
19	5	21
16	11	12
30	14	7
3	6	4
14	7	26
17	2	18
13	7	5
40	3	9
40	2	2
26	10	18
10	2	10
44	5	14
19	3	1
11	4	1
7	8	12
38	6	6
23	8	27
43	12	10
43	9	4
21	8	19
18	2	8
31	12	9
38	6	4
21	14	27
29	1	7
8	10	19
44	1	20
42	1	5
34	5	9
1	1	22
18	14	19
19	12	5
37	7	21
5	14	2
3	1	18
49	4	23
6	10	27
23	8	15
49	8	1
6	14	15
1	11	10
20	1	28
13	3	6
3	6	6
46	12	2
30	12	1
28	10	2
26	13	10
41	13	14
8	6	10
8	9	17
10	2	7
36	10	29
32	11	3
29	1	9
36	8	21
23	6	21
1	8	7
23	7	25
49	8	6
25	2	24
42	13	23
31	11	21
40	13	4
2	13	29
48	14	25
4	2	11
37	10	1
31	2	3
16	11	17
19	11	3
40	2	19
13	11	5
25	2	24
49	10	15
29	14	18
13	7	17
2	14	14
41	11	12
41	4	22
35	5	29
7	6	5
3	3	23
18	10	6
33	8	1
28	11	2
25	1	5
24	1	8
1	6	24
32	14	12
11	7	16
21	12	24
40	13	8
17	8	23
41	13	23
19	6	11
23	4	29
18	5	5
30	4	8
37	2	2
18	6	7
19	2	9
33	4	23
11	11	27
40	3	15
19	9	5
24	10	1
22	3	21
21	13	4
18	12	17
27	1	22
10	14	4
28	7	23
25	10	4
29	4	15
4	8	5
32	4	17
5	4	14
2	13	7
25	14	8
8	5	13
11	10	21
9	9	6
20	12	6
19	14	28
44	13	27
10	5	10
48	10	18
49	7	24
13	3	2
44	1	15
26	5	12
34	6	18
41	13	28
47	4	12
20	11	8
27	3	2
15	5	18
46	3	18
42	4	6
44	13	13
7	7	23
35	13	20
27	3	15
17	6	13
19	1	13
10	9	22
28	11	1
1	9	22
43	9	5
39	12	5
19	14	1
26	12	23
31	10	25
30	14	28
28	14	27
10	8	5
8	10	19
23	5	6
21	2	27
2	12	9
25	11	12
17	14	13
21	13	6
34	8	27
44	14	21
5	7	19
40	10	1
49	9	6
26	13	18
40	2	21
43	9	25
28	2	8
27	4	1
24	11	20
49	7	3
35	9	11
24	5	20
14	4	5
13	8	4
11	12	1
42	9	23
24	12	29
3	5	26
24	8	7
31	5	27
17	1	5
5	12	10
13	5	23
2	9	11
35	5	17
6	5	13
49	9	5
45	8	20
6	10	8
24	1	24
24	10	26
12	13	15
48	2	29
35	9	8
1	7	7
30	5	2
15	5	6
39	9	21
37	7	15
24	14	5
5	11	10
48	8	27
24	7	11
4	2	7
22	4	2
45	13	2
23	8	10
11	3	19
30	10	1
10	7	15
1	8	5
41	9	24
46	1	26
15	2	25
33	4	7
49	5	11
32	12	16
22	1	14
41	13	17
34	5	26
45	5	29
44	1	19
3	9	20
11	14	25
9	3	11
23	8	29
22	9	11
34	8	20
48	9	15
34	1	22
13	4	21
1	6	25
44	11	5
29	14	22
33	6	26
34	4	26
5	6	10
30	4	22
26	4	22
16	13	15
8	6	18
47	14	21
8	3	23
27	9	23
41	13	21
31	1	4
39	4	10
31	9	19
21	10	1
48	8	5
5	8	25
33	6	17
7	11	14
8	8	3
5	8	23
27	11	11
3	13	7
30	8	19
8	8	23
47	8	10
34	3	20
30	7	1
46	3	14
7	7	8
34	10	22
13	8	1
43	13	26
33	13	18
46	7	2
10	7	26
38	3	6
7	7	10
21	7	4
38	9	19
45	13	13
47	14	26
44	13	1
38	2	19
23	1	8
3	10	28
47	11	20
28	6	9
4	8	6
21	12	1
45	2	9
12	11	1
9	14	17
9	5	17
44	14	3
28	10	13
4	6	24
9	12	26
48	5	16
7	13	11
34	7	3
48	13	29
18	4	8
12	13	20
19	11	13
4	10	11
10	8	26
37	5	14
11	11	9
21	4	13
25	1	3
10	7	24
24	13	5
6	3	14
9	12	15
7	12	1
22	13	20
8	13	12
25	14	5
32	11	4
34	14	28
42	11	24
30	3	9
31	9	22
12	2	9
21	9	15
47	2	27
14	14	12
37	5	4
35	10	16
33	12	5
1	7	8
26	5	3
34	8	18
36	12	9
47	13	25
5	2	11
33	10	20
11	6	28
27	2	12
34	13	15
37	14	22
29	4	19
1	13	8
21	4	16
16	8	6
5	12	13
15	9	18
10	1	5
24	12	1
17	14	7
34	14	20
6	14	26
28	6	20
10	2	5
5	4	12
7	13	25
38	7	10
47	6	8
44	8	28
29	2	14
31	10	27
3	11	9
44	3	17
16	8	13
39	2	16
23	2	22
37	5	26
9	8	16
45	11	17
20	4	13
45	14	8
11	9	12
12	1	16
6	4	21
15	7	27
44	3	10
36	7	13
10	12	22
28	7	4
20	2	29
36	7	29
7	6	17
8	8	15
8	3	3
12	9	3
10	13	3
32	1	17
14	10	23
1	11	4
26	10	4
13	12	27
26	6	23
35	3	2
16	11	18
39	9	7
18	14	7
33	6	17
3	11	4
22	7	25
11	2	20
23	9	27
19	13	11
9	10	7
16	7	22
2	5	9
46	7	3
27	9	23
44	13	9
29	3	3
39	2	28
47	7	1
20	12	3
35	6	20
43	3	8
49	5	26
41	1	13
41	8	29
38	10	15
45	9	23
32	12	20
14	6	18
14	6	1
36	9	14
11	4	2
19	10	14
25	13	15
20	11	6
32	14	17
48	3	24
26	7	9
17	2	18
1	9	24
32	10	29
43	2	12
49	9	9
46	6	29
2	6	20
13	4	2
24	9	13
2	5	6
10	3	5
9	13	5
22	6	3
33	12	6
26	8	19
40	10	11
15	1	24
40	7	2
30	2	25
28	8	29
18	9	12
40	10	27
12	12	22
6	7	29
46	6	17
25	11	21
20	10	28
4	11	8
19	6	21
5	9	24
16	13	26
5	5	7
40	11	26
36	8	25
31	3	17
41	13	4
25	2	11
7	3	25
2	5	26
6	6	8
11	3	7
46	12	18
6	12	3
16	10	29
41	10	4
6	7	16
35	8	15
30	9	14
23	3	21
2	1	1
18	10	9
30	8	13
30	10	12
48	10	2
1	3	13
18	5	14
36	13	25
18	6	26
38	9	17
38	7	18
43	2	23
5	14	1
34	4	6
35	8	22
8	11	25
22	9	13
3	2	26
12	5	5
8	1	8
21	12	26
43	12	8
39	2	18
14	14	6
20	10	3
15	1	12
5	3	21
3	5	2
7	10	11
37	9	23
30	13	29
37	4	12
15	12	20
25	6	19
11	3	19
11	10	13
40	14	9
39	1	24
28	6	15
42	11	4
44	1	14
42	10	1
12	10	13
33	1	6
35	9	25
4	12	5
20	14	2
46	14	21
23	12	26
9	3	26
45	7	4
28	9	10
8	6	15
32	14	29
1	3	27
7	2	14
48	7	17
17	7	23
3	14	4
38	6	25
8	2	14
27	11	17
3	2	1
25	13	14
33	11	28
4	13	23
39	5	22
21	3	21
16	9	29
17	7	19
12	6	29
32	7	27
26	7	12
17	2	28
22	7	17
5	10	20
41	14	2
16	14	2
6	11	26
38	4	5
29	11	19
19	4	16
25	1	8
3	8	13
19	7	8
40	14	21
7	4	27
15	8	15
29	13	12
46	8	22
1	11	8
12	11	11
15	1	7
3	9	19
21	11	13
30	14	16
39	5	23
9	9	29
13	5	7
7	12	11
6	8	15
26	1	23
10	2	21
45	8	27
24	2	19
14	13	21
4	14	29
43	2	7
49	12	4
14	14	14
7	3	9
43	14	1
7	13	22
32	6	24
42	13	24
43	10	17
17	14	12
25	1	24
19	4	13
13	8	6
33	13	5
12	11	10
31	9	4
30	2	29
49	6	17
9	1	8
22	2	5
28	13	1
3	9	4
23	7	21
30	13	12
27	14	15
33	9	3
23	4	2
21	11	24
21	8	19
14	3	7
8	12	12
3	2	1
6	3	5
12	3	4
22	1	8
30	7	13
3	8	12
9	14	26
4	2	6
11	10	4
24	3	9
23	7	2
1	7	26
25	8	13
46	4	3
46	14	21
28	12	3
10	3	20
42	14	25
24	14	28
40	13	16
3	11	29
43	14	17
10	9	28
28	8	29
47	4	23
41	3	5
23	9	25
2	4	29
30	9	14
11	8	15
46	10	19
45	13	14
5	2	1
8	6	7
6	10	19
35	13	22
4	10	24
40	5	8
35	1	15
49	4	11
6	14	3
22	9	26
17	1	11
15	11	3
7	5	8
31	13	19
17	13	22
36	2	25
35	2	10
19	4	26
48	2	24
32	1	12
7	10	1
37	6	25
19	11	28
37	10	1
49	2	3
42	10	12
31	6	25
12	11	15
27	14	24
23	5	19
14	7	8
43	7	8
31	9	15
43	5	11
45	14	13
16	6	5
40	2	13
22	1	19
28	13	28
26	3	13
2	13	13
16	7	6
38	2	17
41	4	3
44	11	2
24	5	24
3	4	17
34	10	7
10	12	14
31	5	18
16	2	12
4	12	12
45	9	14
14	8	8
28	14	26
19	8	8
29	2	17
7	7	28
43	6	8
12	2	19
35	2	25
49	8	5
34	12	27
33	8	21
16	12	20
16	2	20
17	12	9
11	1	7
1	3	19
22	3	14
8	10	14
41	8	13
21	9	14
37	10	22
17	13	16
43	12	20
14	8	8
28	13	10
18	8	3
30	14	10
24	4	18
23	7	26
13	8	7
13	13	16
12	9	4
27	13	4
35	3	11
49	3	20
11	9	23
8	7	2
17	12	18
6	4	13
8	13	13
32	9	9
22	1	19
35	5	9
10	12	19
48	13	25
48	8	3
47	4	27
5	2	2
9	13	3
47	2	11
34	6	29
35	1	16
3	8	4
1	8	8
25	14	19
21	6	26
38	3	22
17	3	20
26	8	16
14	4	3
28	11	7
46	8	13
32	4	25
15	13	28
48	14	21
32	9	4
20	11	17
10	3	28
30	5	6
16	3	16
1	12	9
2	7	22
2	9	14
11	11	3
3	7	8
40	6	8
47	13	28
20	13	15
27	6	17
14	5	5
12	5	3
17	5	4
32	14	15
48	9	1
32	3	29
24	3	21
36	12	29
46	6	9
28	9	27
39	7	2
9	11	8
16	14	14
49	10	5
6	3	13
38	14	8
46	11	21
27	1	7
42	8	15
9	5	28
40	11	21
11	12	14
22	12	25
38	5	6
26	7	13
28	9	19
28	3	12
3	9	25
11	4	13
41	5	7
37	2	20
25	3	28
23	13	9
48	5	6
20	3	12
24	1	17
40	5	28
43	9	5
28	11	4
42	14	18
2	9	14
32	1	7
27	1	9
25	2	20
18	9	25
10	9	14
22	11	7
42	1	1
13	13	15
26	14	13
40	9	27
35	14	21
36	11	5
10	14	29
15	5	6
14	8	1
15	5	4
33	6	8
18	3	18
22	6	5
35	1	2
43	10	15
38	9	20
8	7	26
17	4	23
12	8	21
42	14	11
24	4	18
16	2	6
33	6	22
5	5	12
49	7	28
46	6	18
34	8	26
19	3	26
13	5	6
24	2	18
44	9	12
38	4	23
24	8	17
16	2	9
45	1	5
24	5	22
42	5	5
7	3	14
25	2	3
35	1	23
49	3	8
7	3	21
48	4	8
7	7	26
2	5	13
30	7	3
36	11	1
23	9	24
24	11	12
47	4	5
36	11	15
39	5	26
2	11	25
23	8	4
24	10	25
14	2	24
2	13	18
49	14	9
38	8	17
22	10	14
16	1	28
6	6	21
18	4	1
26	8	21
12	4	8
45	14	27
47	3	20
29	13	11
26	11	23
11	1	24
16	9	3
20	2	15
8	5	9
8	13	25
40	8	10
45	11	22
2	13	16
33	7	14
39	11	3
30	9	21
47	2	8
12	3	29
31	12	4
37	11	19
31	12	9
41	11	13
1	9	28
2	3	5
12	10	3
32	9	12
21	8	23
29	3	23
30	9	9
18	4	28
31	4	4
46	1	21
8	14	28
33	9	28
37	13	28
6	14	16
44	14	7
35	5	7
43	1	18
26	4	6
7	10	11
1	6	27
2	5	19
20	8	19
23	11	28
40	12	9
41	7	18
37	7	10
36	13	28
44	1	29
5	9	22
37	8	28
31	11	15
1	2	20
45	8	14
28	4	17
13	1	7
16	10	21
31	6	6
2	4	15
49	2	8
33	5	26
44	10	7
2	3	4
39	12	13
46	12	28
42	3	19
18	9	1
38	11	27
2	2	5
37	9	13
49	1	28
20	4	6
29	10	17
19	4	25
6	8	26
15	10	17
12	3	4
44	9	15
13	13	16
48	12	17
4	5	18
33	12	23
25	8	17
38	4	15
4	14	13
8	10	8
2	11	13
29	8	13
17	2	12
22	2	11
33	9	24
1	5	28
13	7	22
7	12	5
49	7	26
31	12	19
4	2	8
15	14	4
6	7	23
10	5	21
18	1	12
10	2	19
33	1	20
24	13	6
26	13	28
15	9	2
26	10	9
38	6	1
6	6	20
36	13	24
9	1	4
2	11	22
38	12	11
12	14	22
47	9	6
3	11	2
8	12	26
36	10	19
20	9	20
18	2	21
48	14	6
43	5	25
4	7	4
10	8	24
33	5	22
27	12	23
41	2	18
31	8	2
46	7	12
25	9	5
4	6	22
32	4	1
28	2	8
18	14	9
45	14	9
5	1	11
44	12	23
45	8	29
7	5	11
6	14	26
22	9	25
48	2	4
4	1	1
36	14	22
25	7	4
15	11	18
38	12	12
2	9	23
20	3	26
36	8	27
32	7	5
20	13	12
22	14	24
9	1	1
17	3	26
3	6	2
44	12	19
38	6	3
24	6	29
5	9	29
13	5	15
6	2	16
30	2	16
36	13	23
40	9	24
18	10	13
45	5	22
40	12	21
15	13	3
2	13	16
20	5	11
41	13	20
27	4	3
16	7	10
26	3	28
43	14	22
14	2	21
26	3	7
13	7	15
39	12	6
23	8	6
1	5	16
19	14	21
7	12	14
18	9	27
21	5	20
37	6	27
16	11	24
40	13	5
8	8	14
9	11	13
43	13	26
7	8	25
22	7	29
3	3	9
13	3	18
17	12	5
41	1	12
15	2	24
19	3	13
19	4	13
13	14	3
2	7	21
1	4	23
41	5	28
46	4	18
25	8	21
27	12	21
14	5	21
2	9	21
5	11	9
20	1	8
28	12	6
11	4	20
44	5	17
19	14	22
22	6	26
10	13	19
36	12	12
35	14	18
19	1	27
1	13	15
24	7	8
35	5	14
21	5	10
2	10	15
8	13	11
47	9	6
42	13	26
33	10	7
41	13	25
29	12	7
38	13	12
3	13	17
24	11	1
21	11	17
16	10	6
45	8	3
12	6	13
35	3	29
31	12	22
2	13	15
30	12	14
5	4	22
5	2	29
40	7	25
10	6	5
15	5	29
2	13	10
38	5	12
39	1	22
21	6	3
40	7	26
27	12	27
6	4	13
22	12	13
5	6	28
29	8	22
42	5	14
38	14	28
8	12	15
4	5	6
2	10	20
44	1	1
48	10	18
12	3	4
29	9	3
44	10	28
22	3	17
1	8	4
31	1	14
46	6	29
22	1	27
11	6	5
38	3	13
47	9	26
6	9	5
19	3	12
42	4	5
27	9	3
32	1	4
28	4	28
27	1	8
31	12	4
10	5	6
47	2	14
26	8	18
34	13	28
48	4	25
4	2	3
41	13	13
41	9	12
3	3	28
23	6	17
30	7	24
1	3	25
11	13	5
34	1	4
25	14	4
8	9	1
5	7	29
9	12	27
34	6	23
39	13	27
26	1	4
2	2	12
8	14	2
2	12	6
46	2	25
16	5	19
13	13	18
46	6	27
29	6	20
44	5	24
3	6	29
14	3	29
1	7	25
36	14	20
48	1	19
39	4	20
4	5	2
8	8	1
15	9	21
10	7	20
36	4	18
13	14	13
10	10	29
43	5	25
38	8	27
47	14	9
14	12	6
1	12	29
37	13	27
48	14	17
15	12	1
10	1	22
3	10	3
11	9	17
34	3	2
11	6	29
6	6	19
20	13	20
24	10	13
31	8	3
26	4	21
22	9	15
42	9	15
8	13	8
10	1	7
30	5	19
47	8	15
45	13	18
45	13	26
18	10	9
16	7	6
1	10	11
44	4	18
26	6	24
24	14	14
20	3	26
22	13	12
39	10	29
29	9	11
5	8	21
31	7	26
11	12	14
4	3	11
42	11	3
2	6	6
34	6	27
7	8	20
1	13	25
46	8	22
10	7	3
1	12	22
45	13	26
47	4	4
1	5	1
25	9	5
15	11	8
40	13	6
21	14	1
1	9	18
3	4	9
35	13	22
14	12	28
18	2	15
16	11	5
40	2	6
34	8	9
34	9	23
24	6	16
44	9	25
36	13	9
14	13	29
41	5	13
14	4	22
11	14	19
38	7	5
2	9	24
40	5	3
15	5	19
25	4	15
10	6	8
5	9	7
11	1	25
8	14	24
38	6	9
27	7	20
8	11	26
20	12	29
2	13	17
11	14	17
17	5	3
47	2	25
25	2	10
22	8	14
16	13	19
1	1	27
40	11	26
49	5	15
30	12	16
14	1	21
32	1	2
14	12	19
36	12	10
22	1	11
17	11	5
22	1	29
18	1	26
32	6	7
34	5	29
29	5	9
16	4	3
30	12	16
20	1	3
48	4	6
30	6	21
26	10	19
17	3	22
28	13	1
42	14	18
41	9	14
33	3	15
3	2	24
15	11	27
31	1	1
44	6	22
34	1	1
27	3	21
18	4	6
28	11	9
2	11	24
47	8	14
31	5	4
36	8	8
44	4	27
35	10	4
35	10	16
15	3	28
29	5	13
37	5	27
16	7	11
25	4	28
6	10	14
28	4	3
31	14	15
39	10	28
39	10	16
3	12	3
39	11	18
44	6	8
2	13	29
10	6	2
44	6	29
48	9	2
33	3	13
22	10	6
22	12	19
24	14	19
20	4	19
14	11	15
18	4	9
11	8	12
5	7	16
22	13	8
48	12	3
24	6	21
33	5	3
20	7	17
30	8	27
18	12	5
21	9	19
24	9	11
36	7	18
2	5	7
33	1	26
19	8	5
28	13	26
47	9	12
21	14	23
36	9	29
24	11	19
20	1	10
31	7	6
37	11	28
5	9	29
43	11	13
35	4	2
37	12	26
15	7	29
13	1	20
28	1	25
32	8	18
30	4	29
28	11	1
48	12	5
46	13	29
21	8	6
17	1	11
46	11	28
37	2	17
16	6	13
26	3	22
6	7	3
19	4	14
23	2	14
2	11	29
37	6	18
1	12	15
24	3	29
24	10	24
33	12	5
21	4	11
28	7	19
20	12	12
44	1	9
35	13	26
44	13	28
49	1	22
48	5	16
46	1	28
38	9	22
13	11	12
16	1	26
6	7	10
16	5	16
10	2	23
11	11	10
6	9	24
43	10	25
21	7	28
41	9	12
34	10	6
33	9	10
44	6	25
49	11	13
31	10	20
10	11	6
38	11	8
31	9	2
47	6	2
28	13	18
47	5	25
45	9	21
18	8	14
23	5	11
25	2	24
19	4	1
10	4	20
37	1	27
8	1	1
7	10	8
14	5	15
12	1	15
29	10	2
48	12	7
35	5	12
44	2	15
13	8	4
3	6	20
45	3	8
46	11	17
34	4	25
11	3	1
44	4	4
16	12	16
48	4	12
23	1	22
25	4	28
25	13	4
7	4	28
41	5	24
12	10	28
23	4	18
20	7	5
19	1	25
20	13	23
30	2	5
13	7	6
25	7	15
31	3	10
34	2	28
4	1	28
15	2	5
30	7	28
40	1	16
30	2	8
5	2	28
18	8	5
40	8	26
32	11	7
21	12	3
13	10	12
10	5	28
45	2	25
31	14	18
10	7	12
32	13	10
13	8	3
19	5	17
40	4	15
4	9	11
47	3	19
43	8	11
7	6	24
16	3	29
6	11	16
28	9	3
24	1	24
45	3	9
1	13	11
42	6	2
21	12	14
25	10	24
46	5	27
3	8	15
25	14	10
5	4	17
1	4	20
21	9	19
26	1	1
17	13	20
48	4	1
38	13	11
27	9	2
36	9	9
10	6	15
16	6	7
48	13	18
40	12	5
19	1	8
41	14	19
40	9	14
12	2	8
26	11	2
49	8	20
26	5	19
19	4	5
8	3	19
40	6	28
4	3	13
42	6	26
6	10	19
21	13	1
41	14	10
12	12	19
8	14	11
47	4	16
27	1	24
4	10	23
49	14	7
26	3	27
41	10	11
9	13	25
2	2	11
30	8	8
41	13	13
49	10	12
28	2	26
44	5	12
5	1	1
43	7	28
40	5	24
21	6	4
15	14	4
26	13	6
9	14	14
27	4	23
18	14	10
40	14	1
2	13	11
48	2	25
41	3	19
22	11	8
21	6	14
14	10	20
15	1	7
35	11	11
46	8	23
12	8	13
30	14	10
39	6	15
38	5	26
13	10	22
27	11	5
10	2	25
16	1	9
32	8	27
41	5	6
1	1	17
4	9	20
11	12	23
46	9	29
48	8	12
40	1	10
24	3	1
10	11	13
46	13	13
8	14	14
20	14	3
15	11	8
16	3	3
4	5	26
19	4	14
43	5	16
45	12	15
29	5	5
10	12	9
8	3	21
11	1	26
15	8	20
45	10	23
6	7	25
13	6	25
7	12	14
46	1	17
45	4	4
49	12	19
46	2	28
48	3	2
20	12	9
49	2	22
40	14	20
38	12	10
32	5	28
17	2	29
42	3	3
7	5	24
39	5	21
3	14	17
42	3	10
39	13	16
27	2	22
36	2	3
45	3	13
39	5	15
34	9	1
47	2	28
48	4	16
24	3	23
3	11	1
5	13	19
1	13	14
20	11	28
12	2	3
1	4	5
18	14	28
10	6	11
27	13	1
19	12	18
1	1	27
48	10	11
4	12	7
39	11	14
3	4	24
5	10	1
43	14	2
19	2	7
41	12	12
32	8	1
31	9	2
42	6	21
2	4	13
35	14	13
47	8	7
24	3	3
27	7	6
1	8	26
28	9	28
35	3	25
49	7	7
11	3	4
21	3	26
6	1	13
29	3	1
31	6	16
49	5	20
15	2	4
41	9	4
10	5	22
38	5	4
30	11	15
9	11	12
5	1	29
10	7	12
38	7	10
42	13	7
21	11	24
8	10	10
7	6	17
1	4	26
7	5	22
16	14	14
26	7	20
8	13	9
36	2	20
36	1	5
40	5	11
27	5	18
16	7	1
9	1	11
41	2	24
4	1	3
31	7	14
43	5	14
27	4	25
25	6	17
32	6	10
21	3	26
26	9	29
8	14	16
22	5	12
17	5	24
25	9	2
30	2	18
34	13	1
44	1	3
38	12	1
22	8	19
1	6	26
46	8	14
5	7	14
47	7	1
4	3	28
2	14	23
27	1	9
37	11	9
44	9	17
45	6	6
24	14	23
37	5	28
46	9	3
28	8	19
7	11	14
1	12	24
8	11	24
13	13	15
18	4	20
30	1	28
44	3	3
14	7	14
11	5	26
1	2	13
35	14	16
33	9	29
40	13	24
39	11	20
18	4	3
15	6	1
14	5	16
7	10	10
27	13	8
2	11	15
45	3	18
20	8	27
47	10	20
33	12	5
8	2	13
21	13	7
18	14	28
43	11	24
44	8	10
11	2	22
36	11	3
15	13	18
3	14	20
10	5	21
18	9	16
19	14	17
45	2	28
2	10	25
28	1	13
41	8	29
29	11	17
47	14	1
3	12	7
40	6	28
27	3	18
13	8	4
14	7	17
38	5	29
38	10	4
13	11	25
10	4	13
35	9	18
6	6	20
25	5	4
16	2	22
1	7	15
13	5	16
15	8	1
20	12	13
29	3	8
45	12	4
20	9	5
25	12	17
48	2	4
22	11	5
23	7	6
12	11	6
31	14	13
16	13	20
21	5	24
10	8	7
22	9	16
2	13	15
31	8	19
46	5	6
21	13	23
42	14	11
11	5	13
2	4	24
33	2	21
23	2	16
38	11	18
45	1	6
32	6	16
34	9	8
28	10	21
13	13	1
46	8	11
22	14	6
40	6	9
35	6	25
40	3	13
6	3	15
29	8	25
29	4	16
42	8	22
8	7	18
6	6	6
34	8	15
8	5	24
20	2	18
44	13	2
34	13	14
42	7	16
10	10	12
9	5	11
42	9	13
23	10	27
35	9	28
33	2	18
45	14	25
34	3	12
12	10	9
23	3	19
13	5	1
4	13	22
39	8	6
8	5	22
19	14	14
35	3	10
5	1	23
42	13	15
33	8	15
49	14	20
3	6	13
39	3	10
44	9	20
12	13	19
21	11	19
7	5	7
47	8	16
48	6	5
44	6	12
26	6	13
12	12	16
27	2	27
15	9	22
7	12	16
33	13	4
7	7	5
42	8	6
13	1	13
7	2	1
14	13	24
46	6	7
13	14	3
4	13	19
36	12	21
25	12	21
49	5	15
2	11	29
12	10	25
12	14	23
7	6	1
45	1	21
47	3	13
15	6	26
3	1	17
25	2	21
23	11	7
35	3	23
26	4	5
41	10	21
19	1	1
16	14	14
32	12	24
1	8	19
14	10	27
30	14	20
20	11	17
8	11	7
28	6	8
12	6	23
28	2	15
37	14	11
43	11	4
5	13	9
45	7	6
29	6	14
43	13	8
23	6	29
7	4	8
39	11	16
12	6	14
2	7	13
7	8	22
27	11	8
28	5	25
14	4	10
1	14	29
38	6	14
26	2	21
26	9	21
7	2	29
30	12	14
42	13	29
38	7	26
36	5	6
49	13	3
6	13	29
46	11	23
26	7	2
49	8	10
37	9	27
2	6	19
15	14	14
20	7	11
17	4	16
6	1	2
15	8	7
30	6	22
36	3	10
10	2	12
21	12	11
33	1	24
47	10	27
26	10	28
31	11	13
32	9	15
13	6	12
1	10	29
7	2	7
10	5	6
16	2	26
4	14	17
48	10	7
35	3	11
6	11	24
14	14	20
15	2	18
40	14	20
49	6	5
20	8	27
30	11	12
36	3	18
4	8	23
43	10	27
15	8	8
3	13	28
8	13	5
28	13	7
29	8	5
10	1	16
22	9	5
16	2	12
48	6	17
11	3	12
45	7	13
35	8	12
21	14	16
11	4	20
36	1	26
8	3	21
22	13	15
11	7	3
38	14	13
43	2	15
19	13	20
38	10	14
40	13	1
39	12	4
1	4	10
24	9	3
26	12	7
43	12	10
44	10	1
18	14	16
48	8	26
2	12	10
1	14	11
21	6	9
34	10	3
19	3	7
37	5	12
17	5	8
14	8	4
16	13	29
22	7	28
24	12	7
13	14	12
1	7	18
35	2	14
47	3	5
13	8	15
39	9	19
6	9	7
30	11	9
10	10	3
20	14	27
17	3	25
42	2	7
40	11	24
39	9	7
40	5	11
49	1	11
24	10	25
15	6	6
1	10	7
5	12	24
26	5	4
27	9	28
15	6	12
13	14	26
41	5	29
48	12	13
47	3	18
37	13	10
4	1	25
33	12	14
1	11	27
1	4	10
6	4	21
20	10	20
47	4	20
48	7	1
10	1	26
38	3	19
10	12	11
40	7	17
6	10	17
47	4	8
48	12	3
32	13	16
36	8	15
47	12	21
32	2	18
41	7	23
29	4	17
14	12	14
48	5	24
9	5	2
5	1	29
21	14	19
47	8	6
18	1	18
6	4	1
33	3	11
47	5	6
39	6	1
35	10	29
31	10	17
36	8	8
24	13	23
36	4	4
47	13	26
30	4	6
47	3	18
23	5	5
23	3	1
42	5	19
48	10	9
32	5	27
31	9	15
18	9	11
12	14	27
11	1	12
15	3	4
40	11	15
20	3	11
20	4	11
13	9	17
7	11	16
41	5	16
49	14	18
35	9	16
11	4	11
12	4	6
30	8	3
26	3	29
40	4	6
27	4	11
8	2	1
40	2	6
19	6	20
43	5	7
27	2	5
48	3	27
1	3	2
7	10	3
24	9	17
28	1	3
19	7	22
12	8	15
26	6	5
9	12	24
26	11	7
43	14	2
41	12	2
14	8	2
16	1	13
47	5	14
31	12	12
31	7	25
23	5	17
32	7	23
38	12	10
11	9	27
41	9	19
26	11	6
2	2	27
35	14	16
3	8	3
33	8	1
22	13	8
19	6	20
25	3	11
13	8	20
36	2	12
26	2	21
41	2	3
10	9	12
46	11	11
2	9	26
35	2	9
16	12	21
34	7	6
48	1	16
40	11	18
12	14	25
8	8	14
19	12	13
45	4	10
43	7	19
16	7	18
25	8	12
20	6	9
33	12	20
26	12	3
28	6	24
39	10	23
26	13	2
22	5	8
42	6	16
20	12	1
27	10	16
47	5	7
10	12	17
27	7	21
39	12	29
17	6	25
25	2	22
43	12	18
27	1	7
8	8	1
37	4	1
32	14	6
29	9	3
30	9	25
11	14	12
17	9	14
13	8	1
35	13	22
14	10	26
45	6	8
49	1	9
28	12	7
35	3	26
39	11	23
38	13	15
44	10	24
11	4	13
37	13	2
49	1	11
14	6	9
16	10	6
41	9	16
28	10	6
9	9	15
30	7	22
14	13	29
11	6	1
3	10	6
41	4	5
13	8	22
43	6	23
30	7	4
29	14	10
48	5	1
32	1	18
46	3	13
15	11	4
19	1	1
14	4	29
49	14	11
20	5	3
22	5	7
36	1	29
31	10	29
34	4	2
1	6	19
30	13	3
36	14	25
31	7	11
38	5	6
7	9	28
48	9	1
46	3	22
19	3	5
21	10	1
7	10	24
47	4	25
17	6	3
13	10	11
12	12	24
43	14	20
40	8	4
2	11	20
1	2	7
44	4	21
48	5	9
41	7	24
27	12	2
18	12	6
42	10	27
34	10	11
46	8	7
23	9	6
46	2	29
7	14	6
31	7	5
19	5	11
4	6	11
1	5	5
32	7	21
45	3	1
38	5	12
43	14	21
24	8	20
5	13	11
42	6	26
42	11	10
3	7	13
27	9	9
49	13	6
4	12	5
23	1	27
47	6	18
41	11	14
22	13	23
35	14	15
49	3	27
14	12	22
19	13	21
29	4	22
5	13	2
27	6	21
25	9	26
22	13	1
14	1	29
43	9	17
32	12	19
39	14	22
13	12	1
22	2	5
11	6	5
43	11	26
21	13	16
5	3	10
31	8	9
44	1	23
37	8	8
8	14	12
4	5	26
15	4	18
34	1	17
36	3	15
44	6	9
6	7	21
2	8	19
16	3	13
23	6	23
12	10	17
45	1	13
38	12	12
49	2	19
46	6	4
38	13	11
38	1	18
23	9	3
27	2	12
36	11	5
23	12	27
40	7	11
48	12	5
5	2	18
45	2	10
5	2	5
26	8	8
4	10	11
9	11	2
25	6	28
3	1	1
12	8	9
36	2	28
38	12	3
11	10	26
1	8	15
38	7	1
12	3	7
45	6	5
27	10	20
15	7	13
10	1	3
28	10	18
2	6	1
10	11	22
9	13	1
23	3	7
28	11	28
47	12	25
40	5	5
8	3	14
15	7	10
33	1	19
41	7	26
44	11	3
1	1	13
24	11	16
7	2	15
22	11	22
24	4	7
12	11	11
23	13	6
27	13	9
22	7	25
18	9	21
18	10	29
43	14	23
20	5	17
31	1	3
48	13	22
28	3	23
22	9	20
25	7	25
44	7	4
8	1	8
34	11	13
38	2	2
38	9	9
22	12	13
39	12	26
5	8	2
27	13	10
3	13	2
2	12	7
7	14	14
32	4	9
16	14	7
33	3	23
35	12	17
23	14	22
12	10	19
49	12	27
5	9	5
46	9	25
20	11	7
41	9	19
41	12	17
8	7	26
32	6	11
13	12	3
38	9	28
15	12	4
30	3	6
29	8	19
7	6	10
19	4	14
27	13	5
45	9	6
9	2	7
37	5	11
27	12	22
4	3	1
45	2	28
6	4	15
24	4	7
46	1	3
28	4	5
44	11	29
46	12	28
36	2	21
44	12	24
40	1	21
44	1	7
14	7	5
26	7	19
33	7	12
48	4	3
8	3	2
11	10	4
38	2	9
4	3	29
13	3	11
33	10	7
26	1	28
42	4	24
49	6	9
16	4	13
29	11	26
30	11	19
38	9	11
30	2	27
46	3	8
10	4	7
14	1	23
8	7	6
7	5	27
12	4	9
41	7	26
44	7	13
5	10	14
36	13	3
42	13	27
2	14	2
27	12	3
3	1	8
32	6	10
34	7	13
36	8	11
5	11	20
3	1	21
42	2	19
38	8	3
35	5	16
14	2	11
43	10	13
10	12	12
30	4	3
6	6	5
2	14	12
35	11	5
13	14	26
18	10	21
23	5	15
9	14	3
38	6	12
3	13	24
47	13	29
14	7	23
31	11	20
23	11	17
35	14	17
20	1	4
24	8	1
35	11	15
46	7	9
49	5	29
39	14	4
28	11	26
9	14	16
6	11	28
3	1	17
46	7	28
27	6	12
14	9	11
40	4	5
24	5	29
24	10	12
34	10	22
22	2	7
34	4	1
28	6	23
3	10	21
45	1	29
18	7	28
29	8	12
37	11	16
36	10	19
27	9	3
27	6	11
42	7	10
37	12	5
19	10	7
29	11	17
22	8	11
1	2	6
23	2	5
17	10	12
33	14	16
19	1	22
36	8	9
18	2	16
33	9	18
40	3	24
10	3	1
48	4	4
15	8	15
43	2	8
10	8	23
47	2	26
30	14	20
24	12	7
13	2	15
40	6	16
29	10	26
17	3	15
19	10	20
22	2	15
12	12	13
2	3	17
37	11	16
36	3	7
7	11	10
38	10	7
31	7	5
48	5	13
19	13	11
13	8	11
10	3	27
10	4	1
39	4	27
45	1	19
49	13	14
34	3	13
9	9	29
24	12	18
17	4	17
2	10	9
11	7	5
8	8	1
16	14	15
16	14	15
15	10	13
26	14	13
47	10	20
46	2	28
20	11	11
14	12	28
23	11	17
30	10	17
24	12	11
23	6	8
46	13	18
25	3	4
10	12	9
8	2	28
32	4	12
11	11	24
33	1	3
27	13	7
46	10	29
42	1	4
4	7	10
20	14	7
17	13	16
12	2	2
33	5	20
30	14	13
8	4	3
28	11	10
9	6	29
19	9	14
6	5	23
9	2	18
31	4	9
10	13	26
12	7	28
3	13	17
29	5	22
28	10	22
3	8	21
1	4	18
12	14	10
4	2	22
13	7	7
4	14	22
8	14	12
11	5	11
19	2	16
21	12	8
37	8	20
3	2	17
44	9	29
34	14	27
28	3	10
11	12	12
17	8	11
49	6	21
17	12	6
18	9	4
4	12	5
3	5	17
4	3	12
32	3	11
37	7	1
25	10	5
2	3	9
7	2	9
45	11	4
47	10	8
19	8	29
43	9	5
37	7	25
37	3	18
49	10	10
49	4	28
36	12	6
3	5	14
41	14	22
43	3	17
21	2	15
7	4	19
18	13	26
42	11	5
15	4	1
35	2	12
47	13	15
10	4	26
3	5	7
27	1	20
21	13	10
13	5	1
6	13	13
35	9	12
5	13	3
2	11	2
21	2	24
18	13	7
4	4	27
31	2	28
21	12	24
10	6	26
41	1	28
1	9	8
48	4	9
6	2	10
38	1	17
9	2	28
42	2	28
6	3	3
6	7	23
24	4	25
29	13	14
12	3	21
5	6	16
27	6	20
47	14	4
28	13	2
19	4	20
44	5	11
46	10	25
42	13	4
25	7	29
22	8	7
44	8	24
43	2	21
20	5	20
14	3	6
48	8	19
35	2	2
8	10	16
6	5	15
42	4	15
21	1	27
35	8	13
45	10	10
13	8	5
48	7	1
33	10	17
33	13	11
24	11	12
46	5	25
35	11	8
16	1	25
11	14	9
39	8	19
38	1	26
16	7	17
44	3	7
25	7	19
46	3	11
8	14	8
25	11	7
31	3	27
4	14	15
15	11	15
38	13	3
46	13	24
24	3	10
41	1	4
30	3	10
30	6	24
25	1	2
1	4	24
21	3	25
48	4	16
4	9	13
36	11	17
27	1	9
27	10	23
46	10	21
5	1	1
28	7	17
35	12	21
23	11	18
15	8	22
47	8	28
40	11	14
34	13	14
37	1	11
26	14	12
13	2	18
5	5	5
42	6	23
47	6	23
36	4	1
49	4	15
28	9	5
42	2	28
12	6	4
28	12	12
10	3	25
15	3	19
1	3	6
30	2	4
8	12	12
34	14	18
23	11	24
43	14	12
13	6	28
33	12	27
1	5	17
18	11	6
47	7	2
18	14	2
16	14	14
2	10	9
27	8	14
25	2	2
30	5	7
23	1	23
35	5	11
14	9	24
27	12	3
10	11	15
27	2	23
37	8	1
45	4	22
33	2	9
23	8	6
26	11	13
48	7	13
14	10	19
35	1	11
33	8	26
10	5	24
47	14	1
13	12	22
11	8	24
3	1	8
3	12	3
31	1	2
32	4	7
5	4	14
8	1	16
33	4	22
42	7	22
24	8	16
10	4	27
35	11	28
31	4	19
19	9	6
14	1	15
42	8	4
29	12	21
27	2	24
11	8	9
4	3	17
24	8	10
27	7	22
7	14	14
14	7	1
41	11	13
18	6	7
12	1	27
31	13	19
42	9	5
5	7	7
33	8	2
4	13	2
43	11	18
38	10	18
33	5	11
33	10	10
19	13	5
4	12	6
32	13	20
34	10	24
29	1	14
13	9	28
48	11	26
18	7	20
31	7	9
15	14	19
14	3	27
41	11	18
3	9	21
43	7	2
21	3	2
40	3	20
8	6	20
22	10	28
23	1	11
25	7	11
44	5	26
2	6	15
43	11	10
42	3	1
12	2	10
41	14	10
31	12	9
32	2	17
47	12	15
49	6	20
12	8	5
16	14	3
8	6	23
27	14	13
17	5	6
32	3	17
31	9	3
3	13	19
4	4	7
15	2	17
1	13	12
32	9	19
44	13	4
13	10	17
28	2	26
44	5	25
19	5	19
45	6	22
29	3	21
26	4	22
43	12	9
10	8	2
2	10	21
28	11	9
23	6	28
26	8	24
36	3	28
19	13	23
47	2	16
32	1	13
46	6	20
20	6	25
14	6	16
42	12	18
7	12	16
17	7	29
40	1	20
45	11	2
40	7	27
25	4	13
26	6	20
13	9	12
31	1	29
6	4	5
13	13	10
18	4	4
12	9	19
26	12	29
38	1	18
30	9	26
45	11	4
6	5	14
46	13	5
9	11	12
1	10	24
27	9	27
36	7	8
40	4	19
39	14	16
34	8	18
39	1	14
6	3	14
1	3	16
43	6	11
47	2	26
13	8	5
9	4	12
35	13	5
31	2	16
24	5	10
47	4	11
28	6	21
46	13	14
18	8	15
18	12	1
44	13	6
38	8	14
18	8	9
11	2	4
17	7	4
47	8	24
11	13	6
49	6	20
10	5	19
35	12	21
45	5	2
6	11	7
17	11	23
43	9	22
5	5	9
28	9	12
18	6	29
33	3	27
42	13	14
25	9	6
41	10	21
29	5	22
5	3	22
44	9	24
2	5	10
23	13	1
19	9	22
14	5	12
35	4	6
6	4	25
38	12	5
29	1	27
1	8	2
28	7	12
31	7	24
9	9	24
29	6	29
23	2	28
23	8	9
15	13	3
26	14	28
44	2	23
33	7	9
20	7	11
49	12	5
18	9	26
30	8	18
20	8	26
43	5	21
10	2	15
31	11	20
47	1	15
22	11	10
1	8	6
26	3	29
30	7	9
40	2	27
21	10	10
24	2	13
5	1	24
4	7	10
39	11	21
35	1	23
32	13	27
27	9	1
20	13	10
44	4	25
20	6	1
29	3	1
17	7	27
3	5	21
26	14	1
43	11	12
13	13	13
27	3	6
1	13	3
15	2	8
5	3	22
48	10	3
16	3	17
35	6	17
43	9	17
10	1	19
49	8	4
47	9	11
20	13	7
40	9	10
45	1	12
32	14	5
48	8	8
46	8	16
41	8	16
44	10	17
32	12	26
23	5	17
7	3	17
19	9	24
43	8	18
13	11	10
9	3	18
21	4	14
19	1	29
29	2	3
42	8	6
32	3	23
23	7	22
41	8	24
30	9	29
23	1	2
46	8	23
10	10	14
48	4	18
20	1	7
30	8	2
24	8	2
30	4	11
42	12	9
30	5	21
40	12	19
25	13	29
46	10	17
15	10	24
36	10	28
9	1	12
25	4	28
38	2	2
45	13	24
35	2	23
24	9	11
38	3	12
48	13	5
12	10	27
24	3	26
13	13	17
20	10	22
45	2	4
37	1	20
29	9	2
9	4	17
39	12	2
22	14	16
27	3	6
13	4	17
2	4	28
9	10	29
13	5	12
2	8	15
13	1	4
36	6	9
5	1	14
18	10	11
41	12	27
3	13	14
28	10	25
27	11	23
37	6	27
4	14	27
9	11	8
28	3	28
21	12	24
43	3	6
6	10	18
28	6	25
4	3	13
46	7	27
33	10	9
17	14	29
19	1	4
26	3	27
6	4	19
48	9	2
32	10	15
32	7	2
9	3	1
4	1	22
25	4	9
18	13	14
33	2	25
41	8	4
3	9	15
33	7	3
12	2	17
19	4	23
19	1	8
13	3	23
48	5	1
20	1	28
31	11	12
9	5	17
11	12	6
19	9	26
27	8	21
46	12	27
9	2	29
26	14	26
10	6	27
3	13	6
7	10	16
28	1	21
36	1	24
49	3	14
30	1	13
20	10	19
4	1	14
5	4	27
48	2	24
26	14	26
33	3	28
49	4	28
16	14	14
2	3	23
5	3	29
26	14	29
22	12	21
13	14	25
36	1	13
32	9	27
45	3	3
46	5	29
25	9	22
24	2	21
9	1	24
34	14	1
46	7	6
41	2	6
9	6	6
6	4	7
26	10	12
27	2	1
34	3	26
1	1	10
12	14	21
1	2	28
1	1	2
20	10	5
37	1	4
45	11	27
38	6	11
26	14	12
16	9	27
41	1	24
8	13	12
42	9	4
23	3	10
13	2	7
10	2	29
12	12	2
44	11	13
47	4	19
48	10	29
17	10	14
2	3	2
11	4	23
37	13	14
49	7	18
30	8	9
6	5	25
20	1	24
42	14	7
20	4	20
38	13	26
7	2	14
43	4	27
10	14	25
10	7	27
29	13	10
41	5	22
17	12	12
7	14	19
31	3	8
40	12	1
6	14	1
29	12	9
6	11	8
19	14	10
49	3	17
46	4	2
44	8	26
47	6	1
25	1	6
42	4	2
33	6	5
41	2	15
44	1	1
2	10	19
23	14	27
3	2	22
3	10	27
10	14	8
8	3	17
49	2	25
6	4	14
11	11	17
10	3	4
4	1	8
2	12	26
13	7	14
5	7	26
24	12	17
7	7	13
45	10	27
47	13	28
10	13	13
8	4	7
18	13	28
30	14	20
34	3	3
19	13	20
5	13	19
47	9	14
45	2	8
7	4	15
11	2	5
16	12	27
22	2	8
12	11	18
46	13	24
44	7	9
18	8	22
12	13	29
15	4	9
47	4	5
47	4	17
22	6	25
26	6	10
9	14	24
22	12	5
3	1	22
33	1	19
48	11	22
38	14	8
8	1	18
31	7	25
6	4	15
1	7	15
48	6	3
49	3	17
46	12	1
42	4	7
27	4	7
25	14	14
41	10	12
30	6	11
36	8	14
48	5	17
33	1	16
13	10	19
28	14	18
9	12	6
12	5	23
19	2	6
31	9	9
2	3	24
6	6	1
36	4	19
6	14	14
23	3	7
35	5	18
29	14	1
43	10	26
10	5	2
29	5	14
13	5	21
14	9	26
36	2	10
31	12	21
47	1	26
35	12	4
28	10	23
31	1	20
15	3	15
46	13	1
48	3	27
9	12	18
39	3	17
17	14	5
13	14	4
15	13	18
49	7	17
45	1	20
34	10	9
2	14	14
18	11	7
16	10	20
40	12	6
13	14	18
28	4	20
31	6	3
28	1	8
45	14	13
22	1	4
12	7	7
16	11	6
6	14	6
46	14	9
22	7	4
20	11	16
47	5	24
49	1	9
10	7	29
10	7	25
39	13	18
27	8	9
49	14	6
21	7	8
25	10	13
40	2	16
7	8	7
44	7	21
16	4	13
46	2	9
11	13	16
18	3	2
34	13	27
41	6	23
18	8	26
28	7	12
43	6	10
23	1	27
32	13	11
45	4	9
44	2	25
44	3	16
36	2	16
18	2	7
30	5	4
21	8	28
40	11	23
2	1	22
47	11	26
30	11	8
34	11	20
31	14	10
47	7	10
18	12	11
42	7	8
5	13	22
41	3	11
21	2	14
27	12	1
6	14	13
33	2	13
14	10	11
29	14	12
39	7	2
31	7	27
21	3	17
24	13	26
7	11	15
44	4	20
10	2	3
16	12	16
44	10	21
47	9	24
44	8	27
18	1	22
17	12	19
27	2	20
23	9	3
28	8	10
45	6	12
34	6	26
15	7	19
25	11	23
10	7	18
37	9	10
48	11	22
39	8	14
3	10	29
20	12	7
24	5	5
20	1	7
21	3	4
2	1	17
5	12	2
42	5	19
5	11	1
36	9	22
29	2	24
46	9	21
45	13	18
21	1	12
32	12	13
19	5	12
11	14	22
10	10	22
21	3	10
16	5	4
10	11	22
20	12	27
20	8	17
21	2	5
47	10	24
33	3	16
12	11	12
31	8	19
2	6	13
5	8	13
20	9	17
24	4	8
33	4	1
25	14	24
42	12	24
29	4	1
45	11	1
40	2	18
36	8	7
5	6	12
24	5	29
7	1	16
28	7	13
27	1	28
26	11	22
30	12	21
41	7	5
21	3	23
20	9	15
49	11	20
2	8	26
30	1	20
40	10	23
14	1	24
28	6	21
4	5	11
43	2	23
25	4	27
14	1	4
11	11	13
3	9	21
38	8	14
3	13	21
3	12	3
47	8	14
18	12	24
3	5	9
7	2	19
45	8	8
49	5	28
28	9	29
18	4	13
5	12	25
13	1	11
34	12	10
34	8	22
23	13	7
15	3	12
6	13	14
3	13	29
10	2	18
36	8	6
6	9	10
2	4	2
48	12	10
47	7	10
15	4	28
27	8	12
37	4	13
29	4	9
48	1	27
43	1	28
38	14	9
8	8	29
21	7	20
8	5	11
3	3	14
7	11	19
2	10	16
9	14	8
38	8	10
1	1	7
7	2	22
20	3	15
1	3	20
48	2	3
37	9	27
3	8	3
41	12	9
14	12	12
20	9	29
3	6	1
33	6	12
23	1	7
31	10	29
49	2	18
49	1	16
23	7	11
17	10	1
12	3	6
46	12	9
17	14	17
26	14	23
32	5	21
35	5	17
35	6	25
5	12	22
34	5	23
43	14	5
30	10	20
49	6	7
10	8	5
47	5	20
21	7	5
41	5	22
42	11	5
39	9	9
10	3	10
23	4	17
24	7	2
21	13	8
6	10	26
23	8	23
21	11	4
9	10	12
30	13	28
3	1	6
1	12	2
20	12	9
45	11	8
30	7	24
31	1	16
43	11	20
42	6	8
18	6	26
8	1	14
47	13	12
31	7	14
43	6	4
10	10	26
30	8	23
25	12	9
16	8	20
42	11	5
13	3	19
46	10	13
9	4	23
40	14	25
43	14	1
17	11	18
21	10	1
40	4	24
23	13	17
29	12	14
40	2	5
13	6	7
41	14	22
34	1	14
5	12	18
46	9	25
15	14	24
4	6	2
7	7	29
40	7	23
43	9	13
17	1	25
34	9	19
39	8	24
42	11	20
27	11	13
11	8	7
36	5	25
31	11	20
7	2	27
13	1	14
47	12	13
2	11	23
39	4	1
11	8	14
1	3	20
19	9	22
26	9	28
28	2	9
30	10	9
8	8	15
36	8	15
17	13	27
12	8	29
33	6	9
11	8	24
19	9	15
1	11	16
9	11	12
26	6	20
6	7	2
25	9	20
26	7	29
48	10	10
38	2	3
38	13	6
32	5	18
25	4	3
38	3	24
48	8	23
5	12	15
13	2	2
46	3	23
31	10	2
41	6	27
10	4	19
23	6	26
11	13	2
3	9	7
47	11	15
42	8	28
10	13	26
40	7	1
1	12	20
20	1	19
29	10	24
9	9	26
10	8	4
45	13	28
23	3	16
42	14	14
15	11	5
5	9	16
3	6	22
31	7	17
9	12	25
21	7	27
20	11	5
30	10	1
41	4	1
46	6	9
24	3	26
12	2	8
24	7	2
16	2	6
8	9	3
28	11	2
5	1	21
30	7	6
16	10	4
7	4	11
25	2	1
23	2	8
35	14	22
29	14	29
43	2	20
47	7	3
47	4	16
48	12	10
29	13	21
34	13	12
7	5	7
35	12	29
9	10	13
40	12	23
16	7	4
35	11	12
26	6	8
2	3	29
41	8	8
35	13	8
28	1	1
17	7	17
38	3	9
34	11	22
32	2	13
37	10	11
10	13	4
16	3	16
7	2	6
12	13	8
36	7	25
9	4	25
37	14	2
27	14	17
6	12	18
25	6	2
28	2	26
45	8	29
7	4	25
24	4	11
20	8	9
1	14	10
46	7	27
29	14	21
16	10	28
28	3	11
48	9	21
7	10	23
19	12	28
42	1	29
1	4	22
35	2	12
14	2	26
13	9	28
7	14	3
10	9	25
3	8	2
24	8	17
32	4	26
26	9	5
20	2	12
45	9	22
47	9	16
27	4	4
24	10	2
37	14	20
35	3	6
4	12	15
47	8	22
9	1	26
26	11	14
35	13	15
28	4	12
18	4	29
17	8	9
46	1	24
26	13	8
10	12	14
48	5	9
45	14	2
48	11	17
33	1	15
33	11	25
28	3	23
14	5	27
10	11	9
10	1	15
46	9	5
29	5	28
49	11	16
11	10	8
18	6	14
22	10	15
39	4	7
48	14	21
26	14	14
27	11	18
1	11	28
27	1	5
21	1	21
28	10	2
15	5	16
25	13	29
22	11	2
39	6	22
15	14	20
21	2	11
24	7	28
47	3	27
16	12	10
17	1	18
39	4	18
9	10	19
9	1	1
24	2	1
27	4	10
10	4	3
24	14	29
17	1	7
5	5	5
30	3	3
32	2	22
22	14	5
8	2	9
3	4	2
18	14	11
47	6	29
30	2	17
13	13	1
31	7	5
19	2	10
24	9	25
46	12	29
13	2	7
9	1	5
39	7	22
46	14	3
42	3	27
9	1	2
27	6	8
36	12	16
49	12	1
48	8	20
11	7	5
20	10	10
37	7	4
20	7	13
14	10	14
5	8	27
20	5	17
40	6	14
36	8	9
35	3	7
6	12	26
5	10	16
46	7	14
30	6	17
46	2	27
41	7	4
3	13	8
6	8	8
5	6	2
35	10	5
2	1	8
43	5	20
27	3	29
46	3	2
23	12	26
1	13	7
27	13	2
9	9	9
48	1	7
31	14	9
25	4	23
16	8	11
15	1	25
13	4	9
6	2	21
11	10	23
19	2	16
41	3	23
5	13	12
49	13	9
21	14	6
34	7	28
13	3	8
25	10	24
19	4	18
38	1	15
28	11	11
24	4	27
38	10	2
49	4	21
48	5	5
28	12	11
6	6	20
38	14	15
26	13	12
35	7	26
10	5	23
44	7	5
46	14	20
14	13	23
44	4	27
27	8	11
34	12	13
12	10	19
41	12	23
43	14	12
26	1	8
9	12	27
45	1	26
48	9	26
34	12	15
45	13	21
29	14	10
1	1	18
22	14	19
7	1	19
20	1	29
14	11	25
26	10	14
2	9	14
24	10	6
28	8	25
8	13	27
5	4	29
4	8	2
32	11	25
13	11	1
13	9	17
44	6	2
32	6	5
12	8	10
42	8	10
21	13	12
40	14	5
36	5	23
2	3	8
41	13	29
30	11	26
24	4	4
30	10	6
39	8	16
37	13	22
31	4	29
36	3	25
24	7	23
42	8	9
40	13	6
40	12	15
10	9	23
24	6	9
10	12	7
11	1	14
31	14	13
3	6	29
14	2	20
6	2	10
5	9	21
42	12	23
49	14	21
2	8	7
47	3	26
34	8	12
32	4	13
16	4	16
42	11	14
11	8	21
40	2	15
23	6	22
28	6	1
22	4	2
39	9	13
11	2	7
6	9	17
15	7	26
44	11	12
9	14	2
16	11	14
48	3	15
37	7	23
6	2	5
18	3	2
19	8	19
7	9	19
12	2	28
8	8	18
31	9	18
18	6	11
48	2	13
30	12	12
46	7	19
23	14	14
21	14	8
41	8	8
38	1	11
21	2	20
26	12	21
44	2	26
8	11	22
39	6	3
30	12	21
12	3	5
49	11	4
23	11	17
17	11	3
18	9	10
1	8	2
39	2	29
34	1	10
37	5	7
36	9	17
9	4	21
27	8	26
10	6	9
28	1	3
7	8	11
41	12	5
21	12	24
3	12	21
36	8	4
42	4	14
43	11	4
49	3	16
18	12	2
23	12	4
37	4	1
45	8	15
49	13	16
4	5	25
37	2	13
1	12	29
36	5	5
41	10	10
49	3	11
40	7	28
6	14	29
34	5	18
34	12	29
31	12	10
47	12	12
14	4	2
6	5	1
4	11	14
48	13	16
35	13	12
8	3	14
28	14	11
42	1	24
41	5	29
49	2	15
42	13	26
45	10	27
15	10	3
47	1	7
27	11	12
4	14	27
30	7	20
42	6	25
2	7	5
13	5	1
2	2	18
47	2	2
32	11	6
23	12	15
19	9	27
8	5	11
21	11	11
4	6	19
41	14	15
2	13	8
38	1	12
4	13	28
31	9	17
17	7	6
35	3	19
10	7	23
46	13	4
40	12	17
34	14	21
48	2	5
28	9	27
46	10	24
5	5	21
49	8	22
38	2	9
8	6	7
2	9	15
36	2	29
8	14	7
41	6	28
11	10	14
22	11	25
15	11	14
41	2	6
4	14	11
20	1	22
12	8	18
24	14	15
32	12	15
45	12	22
29	4	26
37	11	26
14	5	9
24	12	18
39	3	16
16	10	6
31	11	27
23	9	26
18	11	21
47	12	28
17	6	29
35	4	25
15	5	6
24	2	21
23	11	20
49	10	22
49	5	6
16	4	2
41	2	20
1	6	1
9	5	16
18	2	14
31	2	28
35	1	10
49	2	18
10	1	24
11	6	1
48	14	13
37	1	4
46	13	4
8	4	27
8	5	24
9	2	19
11	6	19
39	4	10
42	5	5
22	9	4
42	12	1
49	3	11
5	9	3
18	10	6
41	8	21
21	12	24
41	1	27
10	1	29
20	3	20
6	13	21
48	7	7
1	5	14
45	3	4
21	2	15
27	12	20
22	14	22
30	7	14
16	9	19
11	10	24
1	9	2
34	14	21
19	6	6
48	12	7
13	8	20
36	6	27
21	10	5
16	14	7
47	8	14
13	10	26
30	12	19
33	13	17
4	11	4
39	3	14
25	7	4
25	6	27
39	9	7
35	12	1
33	10	18
41	11	14
13	2	22
17	5	1
30	9	19
5	10	20
41	9	15
34	12	15
4	7	4
27	7	2
32	13	1
32	1	6
48	4	29
31	8	1
37	3	4
6	13	23
16	10	28
28	13	5
25	14	26
5	11	9
17	10	20
34	10	13
1	14	17
22	2	13
34	3	3
25	14	19
20	14	16
17	4	23
5	2	1
42	3	2
14	13	14
34	5	25
17	1	14
33	2	28
12	13	17
27	13	21
5	14	2
13	10	24
37	14	15
44	9	18
20	3	24
26	3	8
47	14	27
13	3	26
9	11	25
30	2	11
11	8	7
17	11	5
49	1	6
34	14	9
17	7	15
44	4	28
8	11	21
15	9	26
39	12	25
9	2	28
46	3	26
6	10	1
19	1	12
32	8	4
4	4	2
30	13	21
19	4	14
46	7	12
33	13	29
18	8	28
16	12	28
12	11	23
20	4	23
24	8	6
26	8	6
28	4	10
40	3	27
6	12	23
24	1	21
25	7	23
2	1	15
24	5	21
9	12	15
14	3	21
47	13	23
14	6	27
10	2	20
32	8	11
1	3	2
9	11	22
4	13	23
49	7	15
34	1	6
25	6	12
41	8	29
11	3	26
2	3	18
40	5	11
5	6	14
7	7	4
33	1	3
39	3	9
46	14	14
13	9	11
36	10	21
14	12	1
20	12	2
8	3	17
7	4	18
21	13	1
3	8	17
4	12	12
16	1	10
34	5	6
21	11	18
12	1	18
31	12	17
22	11	20
5	8	25
27	10	28
33	8	2
22	3	2
39	10	25
16	14	23
34	10	15
42	11	11
47	13	6
2	12	3
23	9	24
45	14	10
26	11	12
19	1	23
8	14	17
28	7	12
37	5	25
40	11	2
8	4	23
24	9	22
37	10	21
47	14	18
12	13	20
26	12	6
20	5	20
36	10	22
40	6	14
39	4	15
13	10	25
37	11	22
28	1	6
32	9	11
4	3	1
48	5	17
36	4	15
32	6	14
19	7	17
2	10	7
14	14	11
11	10	10
38	7	4
47	14	22
1	11	20
15	9	15
37	12	2
44	2	2
48	9	8
19	6	10
9	8	11
49	6	21
1	12	15
34	3	25
23	11	9
38	10	20
40	2	24
4	5	25
8	6	26
15	4	3
5	6	4
39	11	12
20	1	11
48	4	23
49	1	19
11	7	9
39	4	29
29	9	9
26	2	8
26	12	29
40	10	18
21	9	24
37	10	29
43	6	19
14	12	24
1	1	7
10	14	28
28	8	1
6	7	24
40	4	20
9	13	6
19	3	17
9	8	14
41	7	22
16	13	25
17	5	22
25	8	2
1	5	26
3	4	6
29	5	3
2	14	13
16	10	15
22	13	20
11	12	15
38	6	15
10	4	18
10	11	6
2	5	22
31	3	16
16	5	27
19	9	8
18	12	16
16	14	6
18	13	12
4	4	20
27	4	28
20	12	29
29	6	17
45	14	19
34	10	17
47	2	17
38	12	8
13	6	18
47	13	8
20	12	25
39	14	1
4	2	27
30	13	14
46	12	7
33	7	24
45	9	9
32	6	23
42	5	13
21	4	24
17	7	29
36	3	17
36	2	1
31	9	18
32	5	6
4	12	2
2	9	29
40	1	7
48	11	13
3	14	20
29	10	24
5	4	15
24	3	19
32	14	10
38	4	1
34	1	3
30	11	14
20	6	20
43	8	12
38	11	13
7	10	6
18	1	29
39	8	2
35	9	19
20	6	19
32	1	23
11	5	22
18	7	6
11	3	8
7	4	22
5	11	14
11	8	9
7	6	7
3	13	14
1	13	5
40	14	29
3	3	15
30	8	14
34	11	6
49	3	26
35	10	10
17	9	26
10	3	26
18	8	19
27	3	12
14	5	17
1	6	5
14	2	1
11	7	5
49	8	22
5	3	8
18	5	8
8	10	8
15	9	24
6	10	21
44	1	12
4	6	13
31	14	22
35	6	17
15	2	4
35	3	19
8	4	11
19	3	24
7	2	20
16	11	24
18	3	12
16	5	13
39	13	4
15	7	6
25	10	27
34	12	17
8	9	12
8	14	13
18	8	26
29	14	8
38	5	8
47	5	8
9	14	23
34	13	8
26	12	24
10	13	16
44	7	9
6	3	4
20	3	6
48	14	24
28	3	29
43	8	5
46	8	9
33	8	25
39	7	20
7	9	4
31	3	20
17	10	15
49	10	5
7	8	5
4	3	1
48	2	21
14	10	10
33	4	9
12	4	28
21	5	20
22	4	17
4	5	24
8	3	16
25	13	25
49	12	1
8	9	10
42	12	10
48	12	29
39	14	27
18	2	14
27	8	10
24	10	9
29	14	25
11	12	27
9	11	23
24	10	14
15	1	19
31	9	16
17	7	12
29	4	11
45	12	4
4	14	10
26	7	4
35	9	18
23	9	29
21	12	3
11	5	9
22	1	2
41	14	29
41	3	7
45	1	21
24	5	1
40	2	24
22	14	5
17	9	15
2	3	28
26	13	20
16	6	28
4	7	22
4	4	1
18	10	11
45	12	17
44	14	10
48	9	21
13	11	11
7	2	15
28	12	23
1	5	7
27	9	19
37	6	25
15	11	25
40	2	8
40	7	23
45	2	5
32	8	10
48	1	18
30	14	11
12	8	13
12	5	12
7	6	7
47	3	17
24	10	25
42	7	21
6	5	20
35	10	20
31	6	22
44	8	16
3	3	14
24	1	7
21	8	22
42	10	2
28	14	29
29	3	26
24	2	17
44	7	18
34	8	26
38	9	29
33	4	24
34	13	29
6	14	18
31	6	27
48	4	19
30	3	20
35	1	7
42	6	13
47	3	20
42	12	16
18	10	28
38	3	13
14	13	3
49	7	6
14	12	21
34	14	6
49	2	11
10	1	17
38	12	24
18	11	22
16	4	6
4	4	23
47	3	3
10	5	8
30	11	16
2	9	17
37	4	7
24	13	21
8	3	18
19	14	11
31	13	5
18	10	7
1	3	17
47	11	22
6	12	22
6	9	10
2	11	8
12	9	14
25	12	12
23	13	3
9	9	7
36	8	13
6	4	2
16	1	11
49	12	16
25	5	3
48	1	17
13	5	8
7	6	9
34	12	24
42	8	8
24	11	5
26	6	7
17	14	11
15	11	21
43	4	24
46	1	15
15	8	26
27	13	8
47	9	5
7	7	12
11	7	15
6	8	1
19	14	28
43	9	2
11	14	18
27	4	5
24	11	25
17	8	1
20	14	26
45	8	24
3	3	17
47	2	7
12	11	22
40	8	1
27	7	26
41	5	28
32	6	10
1	10	20
29	13	28
23	10	17
8	7	13
7	12	13
25	4	26
19	5	15
22	10	7
40	12	3
8	9	18
45	4	5
25	1	17
44	6	6
15	11	2
8	10	2
31	6	19
22	5	3
4	4	4
41	9	29
21	11	3
42	5	5
48	4	7
13	9	23
44	9	26
35	2	16
23	4	1
9	3	12
23	11	8
26	12	29
3	10	13
28	7	18
5	7	14
45	3	13
41	5	23
42	8	21
11	6	6
29	6	9
48	4	18
35	6	17
43	7	12
12	4	29
17	5	5
14	9	19
3	8	4
30	5	25
31	9	5
29	5	15
40	7	9
7	9	7
1	6	2
45	1	21
2	9	4
40	7	8
27	14	22
27	8	25
10	6	27
38	2	23
21	5	5
44	7	22
34	3	21
46	4	7
29	3	15
20	8	22
34	12	4
45	1	11
36	4	28
23	14	7
16	4	9
15	7	22
28	2	5
20	2	9
27	9	20
27	14	11
17	12	24
8	2	9
32	8	8
38	3	6
40	4	8
24	9	2
45	5	20
38	12	13
29	5	20
41	5	12
36	3	9
28	2	4
20	3	5
2	10	28
23	12	29
49	9	27
1	1	29
31	9	20
35	8	29
20	8	23
30	12	5
43	1	29
44	4	3
7	2	14
43	13	19
36	5	1
22	9	21
38	12	9
21	2	17
31	13	17
8	1	18
20	6	25
39	9	22
49	2	10
41	13	29
27	11	22
2	14	8
47	14	28
3	12	29
44	7	28
21	4	12
26	14	3
42	7	14
40	13	21
14	7	15
19	13	28
15	13	10
39	9	26
16	3	2
32	5	18
43	13	5
39	9	25
48	5	26
46	10	8
16	4	2
27	10	16
23	10	27
3	9	17
31	9	20
26	3	24
2	3	5
43	14	1
28	7	26
33	6	18
3	6	6
4	7	11
40	11	15
26	3	19
34	12	9
29	3	28
8	7	4
4	13	14
6	7	9
2	14	6
33	12	9
15	14	7
19	8	5
16	10	13
15	8	1
25	3	4
35	14	10
45	8	28
25	14	14
35	14	2
4	11	23
16	13	12
18	6	24
4	3	19
40	12	22
34	11	11
22	9	8
9	5	29
43	11	8
16	12	1
38	10	18
5	4	28
33	14	19
32	2	24
15	9	24
35	2	21
11	12	6
5	4	10
39	13	13
39	7	4
7	1	17
41	5	15
2	11	17
41	1	24
36	12	14
22	13	20
10	3	19
28	2	29
40	10	13
13	5	11
24	13	15
26	8	3
12	7	10
15	10	12
7	6	24
20	6	13
43	5	1
38	9	9
25	9	27
30	1	20
5	12	13
11	5	5
15	4	9
19	4	12
19	13	15
12	6	22
9	6	9
48	6	28
17	11	9
12	1	27
9	9	14
33	3	26
48	14	2
33	2	5
7	7	4
31	6	20
39	4	5
10	6	19
18	2	12
23	13	18
43	1	6
19	3	17
47	10	21
32	4	15
33	8	9
8	12	26
42	10	10
30	7	22
38	14	7
41	5	3
23	8	2
23	12	2
47	11	9
27	10	20
49	2	29
33	8	27
18	3	9
27	9	5
13	4	18
22	9	8
18	2	12
31	3	22
21	3	22
11	3	3
29	5	1
33	9	9
38	2	13
16	7	3
39	13	27
44	3	16
23	8	5
3	3	17
14	6	28
12	4	10
9	2	1
11	14	10
7	9	20
15	10	15
40	1	20
16	12	8
42	8	1
10	11	21
46	8	4
24	6	7
17	8	25
6	3	10
4	8	29
29	11	18
43	3	25
31	4	4
45	14	16
35	6	21
16	14	11
16	5	12
10	10	7
21	14	4
33	10	26
16	4	9
14	4	23
21	5	18
43	5	10
48	9	12
36	9	5
7	12	6
48	11	8
29	6	4
18	7	6
35	14	16
13	9	22
12	7	4
47	13	19
37	7	29
4	4	3
41	10	10
48	8	27
35	5	15
2	10	26
33	1	27
22	3	10
39	11	29
33	7	6
2	3	27
28	4	9
14	8	5
2	8	22
42	11	13
31	8	7
13	3	23
13	4	25
36	5	9
32	4	15
5	3	7
8	14	10
1	3	4
10	11	5
35	9	16
8	9	13
45	3	6
38	6	8
21	11	27
3	12	27
49	9	7
34	14	11
26	10	23
5	9	12
6	1	14
30	8	19
16	8	22
43	11	4
15	5	22
47	11	6
21	14	9
11	3	4
46	1	21
8	10	26
33	12	17
39	10	11
40	12	7
14	11	8
9	2	26
6	6	19
31	8	29
29	10	20
5	13	26
17	10	16
46	3	27
43	3	28
28	8	19
19	3	27
48	3	6
2	1	2
13	12	19
4	8	3
44	1	4
44	10	23
24	7	5
34	5	17
18	5	27
46	8	26
48	4	13
3	9	16
23	1	25
41	2	25
44	13	19
42	14	5
40	10	24
43	13	20
39	5	24
31	10	21
7	5	8
38	2	9
32	12	14
31	6	19
45	10	11
14	12	14
47	8	10
39	2	26
4	2	10
37	4	10
35	12	11
7	10	23
30	2	23
18	3	5
34	3	8
8	14	8
16	7	15
17	10	6
19	5	5
19	10	29
47	13	16
7	13	17
15	11	29
29	10	20
35	9	9
10	2	28
32	13	5
5	6	23
41	6	5
9	11	10
31	4	13
39	6	9
29	8	8
33	12	6
14	11	24
42	9	3
44	3	8
11	11	23
42	12	15
38	5	16
21	2	1
31	14	14
12	13	6
2	9	16
33	14	2
48	12	20
48	14	22
5	5	17
4	6	14
33	14	17
39	12	8
36	4	22
8	10	24
17	9	21
44	13	17
37	8	23
35	13	1
41	12	10
41	5	25
23	8	17
49	9	29
31	4	23
14	14	22
17	12	6
43	9	11
1	3	13
1	5	25
34	14	2
28	14	1
46	13	27
45	10	3
12	5	1
36	4	19
39	7	18
3	6	2
41	14	5
47	12	5
20	7	7
35	5	19
46	1	8
38	5	2
41	7	4
5	9	9
18	4	27
40	4	25
12	9	17
1	11	29
42	14	3
38	7	8
43	8	2
20	12	6
18	1	4
28	4	28
45	11	10
44	9	16
11	9	6
18	7	20
2	13	11
14	13	11
47	1	28
44	4	3
13	14	14
36	7	7
36	10	12
32	2	29
33	14	12
27	8	26
3	7	2
18	6	27
42	2	3
38	9	6
49	1	15
12	9	19
3	7	5
48	9	24
13	6	24
19	9	28
48	6	15
3	12	22
3	13	17
29	13	11
7	14	2
12	10	3
23	6	11
37	7	2
35	2	25
13	2	29
5	7	15
9	12	6
33	14	6
39	3	22
4	7	18
41	12	20
37	1	22
36	13	6
29	4	27
23	5	22
43	12	23
30	7	12
43	14	5
43	8	21
43	10	7
30	10	1
22	13	7
9	8	2
12	6	17
15	9	17
15	3	17
23	13	12
48	7	1
12	14	26
26	13	14
1	12	7
47	14	17
45	1	14
26	10	9
36	6	3
40	8	11
30	8	11
7	6	23
42	10	7
1	4	28
17	10	18
30	4	16
18	5	18
49	6	6
7	14	6
5	4	3
45	6	12
26	13	10
6	13	13
23	2	10
17	13	23
26	3	2
34	2	5
28	7	7
38	9	6
8	1	14
28	11	12
7	2	23
28	12	22
15	7	10
5	13	7
14	10	14
21	9	22
7	6	4
46	5	29
9	11	9
7	14	26
47	13	11
46	3	24
1	14	12
16	6	19
41	7	17
48	7	29
36	11	11
36	7	10
14	4	22
41	6	2
22	3	16
22	3	1
43	5	14
33	6	20
18	12	2
24	2	26
21	3	8
17	6	7
25	4	14
2	10	29
4	3	17
17	13	6
6	6	10
28	2	5
26	1	10
35	6	18
14	12	4
43	6	6
39	2	23
15	14	27
28	12	20
24	9	7
5	1	28
42	6	21
28	13	4
7	12	11
44	12	25
42	11	26
43	3	23
20	8	23
21	12	13
20	14	8
23	1	14
6	9	10
34	6	13
20	5	16
4	10	9
21	6	5
4	10	3
41	9	12
22	10	14
8	7	16
14	3	25
42	10	23
44	11	5
26	3	10
22	7	26
12	5	26
24	14	12
15	5	9
9	9	13
4	10	28
42	8	29
44	2	4
34	4	29
26	8	20
48	8	17
38	6	5
26	3	11
29	10	13
8	14	26
29	10	1
17	12	3
12	10	19
17	8	10
37	8	3
45	14	14
36	5	22
36	6	8
15	8	14
28	4	24
27	11	5
14	2	16
48	3	21
29	11	27
45	6	24
40	11	19
14	10	22
49	6	19
6	12	9
38	1	9
30	10	12
40	12	24
10	7	13
28	14	23
37	3	17
42	12	29
22	7	23
41	5	18
5	8	10
25	3	8
13	3	4
21	14	3
26	2	19
49	9	9
10	10	22
48	4	8
3	4	1
16	5	17
25	11	11
40	11	8
25	10	10
9	5	22
32	5	5
25	5	21
18	7	26
25	9	18
42	2	9
3	7	26
12	14	26
29	14	7
36	10	11
19	7	27
48	1	12
1	5	27
5	8	28
16	14	26
33	14	5
38	14	19
47	7	7
22	14	11
43	1	12
48	12	18
17	14	28
47	8	18
10	12	23
20	14	26
46	13	29
48	13	27
3	14	22
38	6	1
35	8	3
2	2	9
26	2	23
17	14	29
47	10	14
27	8	4
42	8	15
17	8	2
19	13	5
23	13	25
43	9	17
45	4	1
27	3	21
25	13	25
6	9	27
1	1	6
23	8	12
32	13	26
27	6	1
2	9	7
7	1	7
46	7	13
21	1	13
23	1	12
21	6	20
33	4	27
6	6	26
47	1	12
23	4	20
34	6	27
49	7	16
23	6	24
30	3	4
25	9	29
37	14	15
1	4	16
10	13	5
5	13	8
18	3	2
42	7	8
37	11	20
27	7	15
41	14	29
43	1	1
40	9	23
44	3	1
43	7	1
7	8	15
38	13	17
14	2	6
37	11	21
43	11	26
17	3	15
49	3	9
28	5	24
6	5	10
25	7	28
3	14	1
13	9	7
8	11	18
47	8	25
39	2	9
16	14	26
44	8	29
25	13	8
36	8	6
35	10	18
13	11	19
12	10	23
34	9	4
32	3	13
45	1	18
22	11	6
25	12	11
22	9	28
48	8	3
38	8	2
2	7	4
1	10	23
11	8	13
26	9	10
37	4	11
28	9	25
33	5	24
1	3	25
12	12	5
34	4	4
35	13	3
3	9	22
15	13	11
41	4	6
37	14	5
2	10	11
29	6	29
13	2	7
13	1	8
14	11	26
31	8	9
15	12	21
11	10	19
31	4	20
25	12	2
30	4	7
34	3	4
39	2	26
8	7	25
43	12	17
24	1	4
23	3	21
46	7	5
23	12	29
37	14	4
16	11	8
9	10	23
1	9	17
38	12	12
21	3	11
44	5	26
2	2	8
27	1	19
18	10	24
4	4	12
6	1	5
37	12	21
28	10	5
40	7	13
27	10	11
15	8	9
39	8	14
6	10	24
43	11	22
31	12	28
48	14	11
10	9	24
13	10	10
34	5	19
36	4	20
42	14	10
13	1	6
25	5	20
46	1	10
18	13	2
48	14	27
10	12	16
3	5	2
29	1	25
49	2	8
40	6	15
8	1	24
20	6	22
39	7	19
35	4	19
24	13	23
14	11	11
37	8	12
7	12	19
14	10	1
17	7	6
20	2	19
42	3	26
13	8	17
9	6	11
43	5	3
22	2	5
4	11	12
44	2	25
5	1	7
8	2	20
35	7	29
23	5	5
49	9	21
45	1	5
40	8	4
2	4	14
28	12	17
44	4	23
40	8	2
39	11	6
32	2	12
44	7	28
19	6	2
45	7	14
22	3	21
11	2	15
36	1	22
39	9	9
6	12	6
11	10	23
7	4	26
26	4	28
37	13	3
9	10	26
21	10	12
5	7	4
3	9	13
26	1	20
23	13	15
6	11	19
38	3	22
13	11	7
29	14	26
38	7	5
21	8	12
43	6	27
45	1	11
5	3	3
17	9	6
11	1	12
22	10	5
22	6	15
6	3	26
10	8	15
12	4	4
14	2	14
14	9	15
28	3	22
14	10	29
33	13	5
2	5	26
23	5	24
1	14	5
44	11	7
2	10	15
42	13	26
47	1	15
35	14	14
46	13	13
20	3	22
26	7	7
36	3	5
32	11	28
16	4	4
16	6	25
14	8	15
13	6	24
5	11	26
33	5	12
20	8	13
19	9	24
21	6	9
49	5	17
17	3	3
46	9	23
19	6	17
32	9	11
46	2	22
46	7	21
19	2	24
38	4	7
26	14	20
16	13	1
26	5	7
47	14	7
36	3	3
4	5	28
41	11	27
4	7	14
5	8	27
29	9	7
37	8	29
44	6	21
7	1	15
28	2	10
8	14	7
26	3	8
31	5	23
42	14	15
15	7	14
10	3	12
5	14	20
49	3	11
12	12	23
19	14	7
24	4	19
28	14	14
13	9	9
34	14	10
22	13	19
25	9	28
11	14	25
5	7	5
33	3	23
42	4	11
24	4	11
28	6	20
41	11	16
1	13	19
5	6	29
19	8	10
36	11	7
40	3	29
19	6	24
24	13	23
35	6	9
46	3	21
48	13	16
48	10	25
22	3	1
11	1	2
9	5	18
23	2	16
7	10	3
18	3	29
43	5	25
37	5	15
17	3	7
14	6	19
39	11	3
19	6	28
48	3	12
37	5	18
9	4	9
39	11	16
31	9	21
27	2	9
1	10	26
25	13	25
41	13	26
47	10	11
21	11	9
7	6	1
30	2	2
11	9	3
11	8	12
35	10	24
47	4	20
40	6	20
4	7	8
27	13	13
37	3	17
46	5	1
11	7	7
33	14	29
13	12	4
40	5	11
23	2	7
5	1	12
34	9	12
31	1	27
39	1	6
31	7	11
25	4	6
18	7	5
28	4	9
34	8	17
28	4	6
45	2	23
10	10	6
9	4	21
31	9	13
16	13	27
39	10	10
38	5	1
8	2	19
4	8	22
6	1	3
42	1	23
36	13	28
21	6	25
8	5	2
24	11	26
36	4	11
20	13	26
12	12	28
9	11	1
7	2	4
23	1	7
31	12	16
32	9	1
47	5	7
25	9	29
48	10	11
38	5	9
18	10	4
10	9	9
41	8	4
46	5	8
35	10	8
40	12	28
18	2	19
18	7	17
33	11	6
48	4	3
33	6	24
42	2	11
7	6	6
12	12	2
45	1	2
48	11	27
36	3	25
20	6	8
31	1	8
27	8	26
6	12	10
2	4	27
23	13	18
44	10	13
38	2	8
30	7	12
24	10	28
13	4	2
13	4	29
27	3	3
4	9	26
16	2	29
35	13	23
8	8	27
17	12	15
20	9	8
1	1	17
43	1	25
45	12	18
14	11	29
46	13	19
25	12	3
27	7	29
14	13	17
32	5	6
2	14	13
28	12	20
36	8	6
26	3	16
2	6	9
19	6	3
39	4	18
14	12	1
20	13	5
14	11	4
1	4	22
33	13	27
10	10	28
17	3	12
23	14	18
28	7	2
35	13	14
23	13	3
30	11	3
20	3	29
25	7	24
5	8	29
39	6	15
19	3	21
8	7	2
11	12	26
21	12	11
5	9	24
31	8	11
32	1	4
40	12	16
48	12	22
28	6	14
30	11	4
28	5	22
38	5	13
3	6	28
12	14	10
29	6	26
49	7	29
32	3	9
20	8	12
8	3	18
14	9	13
21	12	2
13	8	8
5	13	7
46	9	20
8	9	24
11	6	13
44	9	27
23	14	19
41	3	23
17	9	4
40	11	23
26	12	6
14	5	26
31	13	17
38	10	17
31	4	29
29	14	24
10	6	2
25	14	25
22	7	12
24	11	8
5	2	24
45	9	22
31	14	2
27	4	20
17	10	8
3	3	27
39	11	20
17	9	12
35	1	26
17	12	27
24	3	5
16	10	17
37	11	18
12	14	29
37	10	4
20	3	7
29	6	8
23	10	1
30	11	16
22	4	18
43	4	4
7	1	4
25	1	1
33	5	14
15	8	23
34	9	28
14	5	25
32	11	14
33	1	14
8	11	27
4	5	15
1	5	20
43	9	18
49	13	5
11	13	2
39	3	4
12	13	5
28	3	27
37	4	15
32	7	2
33	5	9
6	9	1
48	5	7
6	12	29
18	5	12
35	7	26
20	13	26
17	13	24
38	7	5
29	4	4
8	4	4
28	5	16
42	2	9
3	12	25
45	2	4
10	3	26
26	1	24
32	4	18
9	5	13
25	5	4
43	6	2
5	14	17
42	12	29
42	13	10
28	5	3
1	7	24
33	9	9
13	1	7
16	8	29
26	6	29
6	6	23
10	3	12
41	12	6
28	5	12
45	10	5
23	2	26
27	3	26
32	12	23
41	9	11
40	11	13
29	5	13
48	11	15
28	6	5
33	3	18
31	2	7
44	5	11
3	13	13
5	14	7
6	7	16
1	6	18
3	1	2
37	14	1
49	14	28
33	13	21
37	13	29
14	1	21
26	14	8
49	11	27
1	7	11
10	12	8
48	8	1
28	9	6
28	13	4
12	13	12
22	6	28
36	6	3
13	12	14
41	7	13
18	2	8
8	11	15
32	11	3
33	10	10
34	3	8
40	11	5
29	4	1
41	8	11
47	4	4
13	14	1
40	2	3
29	3	16
46	6	4
31	9	4
17	11	21
31	1	6
41	7	4
16	4	6
21	8	16
45	4	14
20	6	25
5	12	17
13	2	29
37	13	10
1	14	20
45	8	23
33	5	7
46	6	15
43	7	26
43	3	20
49	1	5
34	4	6
15	4	27
7	6	28
10	2	17
40	5	9
26	8	1
38	4	27
12	7	28
17	3	11
33	6	27
16	11	25
8	5	22
24	9	8
43	8	28
14	11	11
46	1	6
30	6	20
32	4	23
13	7	23
12	14	1
28	7	29
2	13	9
36	10	29
27	1	27
38	13	21
48	14	21
31	6	5
9	1	1
13	10	16
4	13	26
48	4	20
12	5	2
47	4	26
3	4	12
9	1	10
38	13	10
4	4	15
3	9	17
43	6	13
48	11	6
38	10	22
7	8	23
12	8	18
34	1	20
42	8	6
37	1	1
34	7	24
11	1	18
18	14	19
5	5	27
31	14	15
34	4	17
32	1	15
28	8	10
36	6	8
41	3	2
19	2	11
21	5	9
19	8	19
7	11	19
7	3	6
34	1	2
10	3	9
30	2	28
26	2	29
23	7	19
18	8	22
29	11	7
28	3	20
11	5	22
46	8	9
42	6	11
8	1	10
10	9	2
38	11	1
22	13	5
15	13	2
1	11	7
45	8	13
48	2	25
19	14	25
28	10	17
32	10	21
30	5	13
15	3	27
34	12	28
10	2	9
26	13	12
34	13	22
4	14	25
47	3	27
24	12	19
11	3	3
22	11	7
23	10	18
30	11	18
15	4	22
23	11	29
27	13	3
23	13	23
41	8	21
42	10	4
26	12	11
15	7	18
43	11	10
4	1	7
38	1	6
8	11	22
5	7	13
46	14	28
27	11	10
16	9	7
27	9	2
25	2	26
12	14	23
8	9	1
33	7	24
43	10	24
29	10	23
48	11	5
34	9	27
22	11	20
14	8	5
6	8	14
9	4	29
15	13	23
47	14	27
22	4	14
7	10	3
26	11	28
22	8	25
44	12	15
49	12	8
5	13	1
43	8	28
17	10	13
41	4	22
49	1	24
13	4	10
22	5	3
30	11	25
11	10	28
32	4	13
24	5	4
27	13	3
44	8	22
26	12	28
32	10	13
9	7	16
2	9	17
9	8	15
8	7	4
9	10	25
49	10	13
1	6	29
31	7	5
36	6	20
30	14	15
6	14	3
20	1	7
21	9	20
42	5	23
31	6	12
48	10	27
43	8	4
27	9	10
24	8	29
20	5	8
44	9	18
1	1	16
2	11	19
31	8	3
38	3	2
11	14	2
37	11	20
39	11	12
19	9	10
38	13	14
13	1	9
20	14	21
8	9	11
43	14	27
14	4	28
2	12	15
13	4	17
46	10	17
30	2	25
11	10	14
10	4	25
8	6	17
40	6	6
17	1	12
36	13	24
37	7	14
22	5	23
41	8	19
46	5	11
36	12	25
43	14	29
44	10	20
4	2	26
20	4	13
15	13	7
9	3	23
37	12	19
19	11	9
33	6	22
11	4	2
10	1	16
18	7	4
21	12	7
8	10	11
30	1	4
18	8	18
22	11	4
29	14	28
11	7	5
33	4	9
46	12	27
41	3	5
44	14	13
5	11	11
27	9	6
14	11	22
10	5	25
9	11	14
46	9	3
30	2	1
47	11	18
46	4	24
21	12	24
48	7	18
8	5	29
37	1	12
38	14	21
22	7	27
23	11	3
23	13	18
5	5	24
22	3	1
38	9	11
19	12	29
45	4	24
12	1	13
23	3	17
33	12	6
15	8	8
35	7	14
36	14	27
12	13	6
40	11	6
48	14	13
2	6	3
36	8	8
5	4	22
32	1	21
2	6	14
29	2	19
38	1	5
44	9	27
5	10	10
31	6	9
13	7	6
8	9	13
6	9	1
1	9	7
36	2	28
10	3	14
36	4	18
27	3	27
13	2	23
10	9	24
45	7	24
23	6	15
26	13	23
3	7	17
31	11	13
46	3	17
47	13	15
43	13	6
35	10	9
14	13	15
33	13	28
9	2	5
21	4	20
22	10	10
34	10	22
2	13	13
24	5	29
10	4	22
17	1	17
31	11	21
11	4	29
15	6	16
31	7	20
15	7	26
43	7	7
8	3	7
23	10	23
42	12	16
25	7	20
10	12	2
30	12	16
49	4	13
18	6	9
10	6	14
38	3	25
5	5	22
26	3	25
18	3	3
45	6	13
21	12	28
43	6	19
31	10	21
19	13	8
38	12	24
45	4	8
16	2	18
35	6	4
46	10	19
11	4	19
22	1	26
1	14	18
18	5	29
42	3	15
8	11	13
24	11	12
2	7	27
40	9	9
41	11	11
40	14	22
49	6	13
3	14	24
20	11	26
12	8	27
15	7	28
6	8	21
34	7	28
12	3	24
36	9	14
29	3	7
11	8	12
12	13	22
3	2	23
31	2	29
27	12	26
49	8	5
17	10	5
34	2	15
40	11	7
32	5	10
18	12	18
33	1	29
27	1	18
11	1	14
45	1	11
47	10	12
45	11	4
16	4	14
3	8	13
45	6	4
25	6	22
24	4	9
20	13	23
45	7	13
27	2	20
34	11	3
7	12	1
42	11	18
10	1	17
6	9	14
29	9	19
24	10	19
36	7	23
4	8	25
30	1	9
34	12	3
40	6	23
17	11	17
5	10	21
8	4	7
36	4	8
16	5	24
39	1	13
2	14	10
15	1	9
10	4	21
15	8	8
23	5	8
35	4	25
4	6	1
46	8	5
27	5	9
28	4	20
25	13	22
33	11	12
22	1	21
15	13	13
49	13	22
49	4	28
2	9	3
47	11	20
21	2	13
9	11	21
48	9	28
3	12	19
26	12	16
43	4	6
7	11	15
30	14	20
21	8	3
18	8	20
29	8	5
4	4	20
48	4	8
1	5	8
23	14	3
6	7	14
21	3	10
44	12	28
8	12	5
37	11	7
31	9	3
15	7	7
24	7	16
42	13	1
46	2	14
12	3	1
30	5	2
31	14	12
17	10	22
12	13	13
27	4	15
3	6	21
9	3	14
42	9	2
45	9	8
17	14	20
23	13	20
7	3	14
9	14	21
35	14	23
24	4	16
6	5	20
25	13	22
39	1	29
26	11	20
1	10	11
6	14	21
4	11	29
39	6	3
4	13	12
49	7	6
35	6	11
25	12	8
30	12	3
47	10	25
34	9	12
38	3	9
17	9	29
4	6	15
27	5	27
29	6	1
17	11	18
38	12	12
15	8	27
5	8	5
31	2	3
7	2	23
34	5	22
6	10	26
12	9	28
44	14	15
18	1	13
4	9	27
13	13	23
1	7	19
19	4	3
40	7	9
21	6	7
7	13	4
14	4	4
35	8	6
22	6	16
21	11	14
37	8	16
8	13	6
49	10	24
4	11	12
40	6	6
33	7	17
13	4	4
14	12	11
40	8	11
29	9	2
6	14	16
30	2	26
37	4	16
2	2	7
16	3	15
35	13	4
49	11	28
48	3	14
17	7	23
8	6	10
40	6	3
38	14	23
43	3	11
16	13	6
3	4	4
45	14	18
44	2	19
13	9	24
5	3	24
3	4	18
6	9	26
9	4	21
7	8	8
36	12	21
38	10	25
37	13	28
19	7	15
9	4	8
35	8	24
14	10	24
48	12	28
37	3	9
16	13	1
20	11	13
18	3	8
46	7	27
48	5	7
43	10	25
6	14	10
31	7	20
44	13	26
21	11	1
38	1	14
27	7	2
46	14	20
5	12	3
1	11	3
45	5	10
29	2	5
6	9	8
48	10	12
17	7	27
27	13	12
13	3	14
22	6	27
9	14	21
9	1	4
12	9	21
29	14	17
27	12	19
43	10	12
11	9	23
33	9	14
38	8	27
34	11	18
31	7	27
22	6	6
22	14	18
7	11	3
34	11	15
18	14	3
38	6	15
3	4	24
7	8	10
12	6	15
11	8	25
6	14	16
32	2	13
23	7	21
40	2	25
34	14	25
48	6	16
40	13	11
6	8	8
4	5	27
42	3	16
6	13	6
12	9	23
49	10	26
34	5	28
39	4	5
48	7	16
24	4	29
47	6	19
24	14	12
14	9	24
26	9	7
10	10	5
34	7	12
4	14	21
33	2	18
21	5	10
5	2	25
19	5	28
27	3	15
27	11	17
18	11	4
4	3	21
36	9	15
49	4	1
7	6	9
14	4	9
2	1	20
4	3	14
49	3	8
15	10	17
33	3	21
41	10	8
30	9	29
45	10	21
41	2	25
41	4	28
33	4	26
11	8	21
45	5	16
33	2	1
22	7	28
48	5	4
15	5	21
1	10	20
16	2	11
47	4	2
31	3	27
16	9	12
33	7	19
1	13	13
36	14	16
48	7	8
39	13	23
35	8	28
12	10	17
11	13	11
17	14	2
24	1	27
6	2	24
27	5	26
24	5	11
14	5	22
8	5	19
4	3	12
14	13	19
47	2	28
42	7	16
14	10	29
19	4	27
30	12	11
23	4	17
46	4	7
28	14	11
40	1	17
36	4	23
32	3	3
15	3	1
42	10	24
16	3	19
21	13	2
41	8	15
14	9	28
41	5	21
20	6	4
30	1	12
49	8	12
10	11	1
41	5	21
18	9	16
37	9	1
29	3	2
15	14	15
4	7	19
42	12	26
20	13	23
44	4	20
22	5	20
12	4	6
2	1	8
39	13	29
21	2	22
34	12	7
5	5	2
44	13	3
37	5	27
9	6	12
47	7	11
43	5	9
18	5	28
43	4	28
13	4	16
32	6	22
7	10	3
26	12	28
31	8	12
29	7	26
14	13	18
44	12	13
31	8	23
22	5	14
15	4	1
5	9	19
27	2	27
9	1	21
14	6	21
21	4	23
43	11	25
4	9	13
19	6	13
7	1	26
48	10	11
32	4	17
46	8	27
38	1	12
47	2	25
43	9	13
37	3	9
1	9	17
30	4	18
30	11	8
10	6	3
3	4	11
17	10	6
6	7	22
43	2	21
23	2	15
29	7	23
1	6	25
29	14	4
40	1	1
48	5	24
32	9	19
16	13	26
24	8	28
12	9	21
28	2	14
42	3	3
5	1	7
25	3	1
12	7	8
12	8	19
9	3	5
46	4	16
5	2	7
32	2	28
41	11	23
7	1	24
32	14	26
46	13	10
29	3	12
31	2	13
31	4	29
16	1	14
26	10	27
46	11	1
42	7	27
13	10	12
13	2	13
22	9	17
37	4	9
42	5	3
7	7	2
39	1	26
48	8	21
15	9	11
45	10	6
43	2	12
21	5	15
49	5	29
1	3	19
21	8	25
9	10	9
41	12	9
47	1	13
2	5	5
35	14	15
3	8	26
20	13	5
44	7	1
30	3	4
4	11	25
12	8	28
43	2	28
4	1	27
44	13	1
48	6	1
17	5	12
24	14	19
38	1	20
33	5	7
14	4	19
9	13	9
29	12	22
10	12	24
28	14	14
48	7	29
8	13	2
49	4	25
35	9	24
11	7	16
13	3	25
35	12	24
14	11	1
36	6	17
15	2	14
29	13	29
8	12	16
36	8	12
9	5	29
39	7	9
24	6	10
10	14	18
49	13	6
32	10	23
46	6	16
24	10	4
20	2	20
41	1	20
1	8	20
23	8	15
42	7	8
37	4	1
12	2	6
42	9	2
40	8	4
38	11	4
43	10	18
43	6	10
30	9	9
34	3	12
47	8	11
33	12	6
26	3	5
24	4	18
45	8	16
32	1	17
28	4	23
29	9	24
45	14	3
46	3	19
37	8	26
41	13	2
34	2	21
45	4	18
47	6	14
49	14	25
39	14	18
36	2	28
31	6	27
27	11	25
5	9	2
27	11	20
35	2	19
24	14	27
43	10	1
9	9	7
16	13	1
13	2	6
2	1	14
47	3	16
7	2	11
42	12	19
27	6	19
41	4	26
11	5	29
35	12	14
47	7	22
35	4	25
41	12	14
42	8	21
11	11	26
6	5	25
26	1	24
19	9	7
29	8	19
8	1	25
10	5	6
48	14	23
39	7	27
27	1	29
9	10	26
45	9	16
49	2	29
8	3	24
32	8	24
26	2	22
10	10	24
31	10	6
27	4	23
6	5	27
46	14	29
42	3	28
17	10	26
6	3	28
42	1	5
18	5	13
48	4	10
9	5	11
9	8	2
34	6	12
37	13	24
4	4	6
41	12	11
42	3	13
42	2	15
43	11	18
3	3	27
17	3	2
29	11	19
31	10	19
45	10	9
25	6	9
7	11	24
47	8	16
3	2	3
43	5	8
42	5	23
22	9	6
24	6	21
38	7	14
27	3	3
36	14	16
8	5	21
10	11	29
39	2	19
18	4	1
47	11	12
19	11	12
44	7	1
5	1	28
30	6	9
17	6	10
22	5	5
28	11	1
28	10	17
38	10	16
27	2	4
34	12	23
4	3	13
35	12	14
26	1	9
37	9	11
35	7	20
17	13	28
43	6	29
20	12	4
41	2	24
24	8	27
41	13	17
26	4	7
44	11	15
34	1	20
35	12	2
11	1	6
42	3	6
10	12	12
38	10	11
15	13	21
33	1	15
20	13	20
38	3	6
23	7	6
22	3	11
16	10	29
5	9	2
30	9	11
35	9	4
9	11	18
43	9	25
40	1	29
10	5	26
18	7	26
2	6	22
49	11	19
3	7	29
18	3	8
32	1	13
7	10	9
29	9	13
29	9	25
18	9	5
19	2	12
6	11	6
9	9	7
30	10	26
24	2	10
31	8	11
29	3	29
29	1	18
30	11	25
23	7	24
44	10	4
24	10	9
28	4	14
5	7	14
10	8	29
20	2	14
6	14	2
24	11	14
10	12	3
40	8	28
17	11	4
20	10	2
38	14	14
1	1	8
45	7	20
25	6	15
30	3	20
19	5	15
38	6	26
32	5	26
11	11	22
26	11	22
17	11	25
46	10	4
1	2	26
40	9	9
40	10	12
29	3	9
15	14	12
32	10	9
10	2	21
29	12	9
26	6	22
46	3	18
32	10	17
27	5	7
30	14	25
29	12	18
24	9	17
22	4	23
18	10	4
28	11	16
22	7	10
30	4	6
28	13	16
39	14	16
37	11	18
8	1	21
23	9	8
5	2	5
36	2	5
47	9	13
24	2	28
2	2	27
45	1	20
31	1	29
3	10	20
3	10	15
9	3	20
21	2	4
13	5	11
8	13	6
4	9	9
6	5	25
29	11	18
35	4	1
2	12	17
15	1	12
24	10	12
32	11	11
38	1	29
40	11	23
28	11	4
23	8	12
35	14	12
42	7	28
44	7	29
32	6	8
27	14	9
47	10	6
39	6	25
45	5	7
43	11	28
42	3	14
45	8	8
9	9	3
1	10	7
23	11	9
20	2	20
35	4	24
24	9	3
46	10	5
28	11	18
8	14	21
49	1	10
25	11	24
1	6	11
10	13	1
49	5	19
27	8	7
28	3	16
8	5	16
18	14	27
7	9	24
25	13	20
26	7	22
49	13	12
43	10	26
21	5	21
5	14	10
25	1	8
19	9	24
9	12	20
39	2	22
45	13	22
28	10	2
18	7	26
46	8	18
42	10	14
32	11	2
41	4	2
29	9	18
27	2	9
43	5	18
2	3	23
31	14	24
7	13	18
32	11	14
22	8	13
33	8	26
18	8	4
31	14	25
36	5	8
8	1	17
39	7	4
14	13	11
42	4	23
31	8	26
24	3	16
29	2	2
9	13	18
20	7	24
25	6	8
45	13	18
29	14	24
2	13	8
17	3	20
5	12	9
6	11	1
13	3	23
15	2	6
9	14	5
47	6	29
17	12	14
6	14	9
8	1	16
3	7	10
16	4	29
19	2	2
15	4	23
38	4	8
24	9	23
20	6	1
33	2	15
13	14	11
11	14	26
49	14	20
25	3	21
22	14	26
11	12	26
5	10	4
12	9	16
10	9	10
27	11	19
26	6	11
42	1	8
31	3	4
9	5	10
5	4	2
28	1	19
43	3	18
6	8	13
19	1	12
41	1	10
29	7	6
2	14	24
17	9	28
31	9	19
38	14	11
40	3	10
25	9	18
34	10	17
4	6	24
47	7	2
43	12	4
39	9	25
6	1	8
11	4	13
34	4	18
47	5	19
4	9	26
5	5	12
36	13	23
32	14	17
2	6	5
44	11	23
26	14	10
25	10	3
3	4	12
9	1	13
47	2	2
9	13	26
8	11	14
37	1	21
3	7	3
34	3	25
15	12	14
42	6	11
16	8	27
39	1	2
48	8	26
18	10	25
26	12	15
13	11	29
15	11	27
30	7	6
49	6	3
29	13	7
47	2	21
35	12	10
49	6	22
21	11	15
42	10	23
13	3	11
16	1	2
24	8	20
22	10	4
35	12	20
49	6	21
33	6	17
8	12	29
10	4	11
13	13	29
21	11	22
21	11	6
36	4	24
9	7	17
2	4	5
10	5	17
4	6	11
40	3	8
11	2	11
18	2	23
34	4	19
33	1	28
18	5	2
23	4	5
43	7	28
2	2	17
42	1	29
40	3	14
32	9	17
24	3	19
42	6	4
3	7	8
45	6	7
11	12	1
25	9	5
11	14	21
16	3	29
39	8	4
40	13	2
9	1	13
18	13	3
21	9	27
1	12	1
35	2	22
17	9	5
48	5	17
17	6	20
44	3	1
32	1	26
1	4	18
11	11	11
40	13	28
45	2	1
13	3	4
34	9	3
13	7	26
47	12	17
24	12	18
38	7	21
4	11	16
2	1	17
20	8	11
19	8	22
11	1	7
27	2	7
27	3	17
47	6	18
48	1	13
3	11	27
37	1	12
13	12	9
23	3	6
28	5	3
36	13	27
8	11	23
18	14	22
19	4	9
8	2	12
47	1	28
6	5	23
22	9	15
18	14	7
45	2	26
3	14	27
23	4	16
34	12	10
33	10	23
9	6	24
6	2	21
45	8	5
11	7	28
16	5	7
21	11	23
28	7	25
43	5	8
19	10	27
43	4	8
32	7	20
49	4	8
34	4	26
24	14	17
36	12	16
48	2	27
14	4	2
27	2	8
46	5	2
28	11	13
40	1	7
45	9	29
14	5	2
49	11	16
45	1	13
14	2	15
36	6	16
49	9	1
11	2	10
21	1	28
10	2	16
22	10	28
17	12	8
26	10	24
44	5	16
25	9	2
40	10	6
28	12	10
43	12	14
11	10	14
33	12	8
5	11	18
1	7	12
25	14	10
13	3	21
36	2	9
24	10	15
14	9	12
38	9	9
11	8	26
24	2	4
39	13	25
28	11	16
46	8	5
33	5	22
43	5	19
30	3	21
9	11	29
48	6	7
42	5	5
15	12	27
26	1	24
9	7	10
43	3	10
38	8	6
17	9	10
34	13	10
33	9	12
8	5	12
7	12	14
30	11	13
18	9	21
13	3	9
45	10	25
15	11	1
20	6	6
40	9	23
46	3	13
42	9	6
25	6	21
21	1	19
43	4	13
43	6	27
24	2	14
1	11	7
23	6	25
21	11	26
10	5	6
34	10	17
1	8	1
25	11	23
30	7	19
11	6	14
28	8	1
14	5	16
17	13	12
12	6	8
17	2	18
40	4	21
24	3	18
43	13	26
45	14	10
34	6	9
29	4	28
20	12	7
43	13	1
32	5	22
8	11	5
37	3	20
9	11	8
46	11	7
42	10	20
8	6	10
10	10	15
6	10	4
17	14	8
19	14	9
34	12	25
42	10	3
36	3	24
34	8	19
1	9	15
35	8	5
29	11	16
35	7	21
13	1	4
1	6	7
21	12	25
48	4	27
20	14	29
29	6	7
26	8	5
42	2	1
31	9	12
5	11	7
37	14	12
7	9	20
47	10	23
28	4	21
39	1	12
30	5	16
9	1	10
17	3	27
28	6	28
6	6	23
42	5	1
32	4	8
27	4	12
16	9	21
23	14	8
22	1	2
31	1	11
41	14	23
44	6	24
23	9	6
36	12	10
49	11	27
35	3	24
6	1	1
8	12	12
30	13	7
33	2	11
43	7	11
21	1	12
12	11	24
23	2	21
11	9	24
20	7	7
17	11	27
12	8	28
17	10	3
20	5	16
30	12	14
42	12	10
47	9	21
27	7	13
2	10	29
16	14	8
29	4	12
48	5	12
22	9	29
21	2	10
16	12	14
13	13	9
12	6	22
23	7	26
26	12	8
25	3	26
48	1	22
40	12	3
7	9	14
4	6	7
18	8	15
19	4	19
48	11	23
35	2	17
27	2	23
26	7	16
6	14	13
5	7	2
28	7	1
19	2	7
41	3	29
25	2	28
20	3	17
32	8	13
5	4	28
10	4	21
16	9	6
47	14	14
40	4	2
21	12	22
30	9	20
28	13	27
29	1	1
41	2	9
47	7	13
49	1	6
7	6	7
16	1	15
3	13	7
26	10	24
44	14	10
41	1	28
38	8	12
2	9	7
34	7	15
43	14	15
2	12	8
43	5	13
26	4	16
8	7	29
34	1	10
10	14	5
48	2	12
24	4	14
40	2	22
48	9	17
2	3	26
36	7	27
28	1	20
44	5	23
21	9	2
21	5	17
45	8	16
17	13	26
5	8	18
40	1	7
35	8	19
47	2	9
5	14	17
21	9	27
24	1	24
31	1	18
21	6	22
10	1	4
2	10	9
1	10	28
16	11	29
23	3	23
7	7	15
37	5	12
1	7	26
31	12	25
5	7	15
49	6	20
24	8	14
26	13	13
2	2	10
30	2	26
47	1	26
1	7	17
4	10	3
17	3	17
13	6	25
22	14	6
23	5	11
15	14	21
16	9	17
5	10	7
5	6	12
49	10	25
48	1	29
46	13	21
29	3	10
45	4	15
29	9	5
7	3	24
26	10	2
9	10	26
49	14	29
42	4	23
10	4	22
1	7	25
11	8	12
34	10	25
18	6	11
5	8	4
4	14	8
29	7	1
39	12	11
6	14	28
36	11	26
27	11	1
37	9	4
15	13	19
20	12	28
11	12	9
26	13	14
42	11	9
27	9	23
36	3	19
25	2	18
23	14	29
46	12	20
17	5	28
49	12	2
31	3	19
5	9	29
4	9	2
23	13	29
30	1	4
11	1	11
24	12	25
2	14	26
48	4	1
30	3	17
27	13	29
13	13	13
8	9	19
33	7	15
27	14	3
49	5	24
29	2	9
28	8	29
11	9	7
38	2	9
49	7	13
25	13	29
1	5	3
35	1	12
37	12	11
17	7	28
38	14	28
11	1	2
13	14	11
49	1	10
9	6	15
16	10	29
4	1	3
6	14	29
35	13	2
44	12	20
31	13	3
14	14	4
18	11	12
18	4	28
31	1	9
38	8	20
45	6	5
19	4	13
44	10	1
47	8	6
49	6	5
34	6	6
12	13	12
19	14	27
28	10	24
6	7	28
34	13	10
19	14	13
27	4	18
32	6	10
6	6	8
12	6	25
40	14	20
7	8	19
14	8	14
12	12	17
31	11	6
4	4	18
41	9	12
36	3	4
29	9	15
4	4	16
32	5	10
48	5	16
14	8	12
36	2	14
47	5	13
2	1	19
7	1	5
33	6	22
23	2	23
27	8	28
6	3	8
45	9	15
11	10	14
32	12	21
10	2	15
46	11	25
35	8	17
44	13	7
20	14	27
29	7	8
37	11	1
21	9	27
10	1	21
46	12	11
9	7	7
21	7	9
13	8	9
46	12	29
20	4	8
1	8	18
28	9	5
11	13	3
35	11	15
30	11	22
8	11	22
10	10	13
1	14	15
31	5	28
47	12	26
1	1	11
32	3	16
5	6	6
10	14	18
8	11	21
39	10	24
28	11	3
14	3	16
42	1	16
6	14	9
11	4	3
11	10	23
7	14	16
10	2	12
27	1	22
42	13	8
40	12	20
8	6	2
38	11	24
42	12	6
1	14	13
44	14	21
26	14	2
46	10	21
13	6	21
35	11	7
38	14	5
14	5	4
31	1	26
1	7	28
47	4	5
18	3	3
48	10	1
2	5	27
11	13	6
48	13	29
18	2	1
30	2	24
2	11	20
16	4	27
40	8	15
6	14	11
27	13	6
30	11	2
10	11	20
12	1	12
46	10	6
45	10	11
46	6	6
18	5	13
21	10	12
6	4	24
22	2	27
40	7	29
39	11	11
47	6	11
6	12	20
14	6	18
37	13	25
7	3	18
9	3	17
38	3	2
33	2	15
43	12	29
25	2	7
10	2	26
1	14	28
42	4	16
38	2	8
40	6	10
47	5	27
15	9	8
22	1	17
15	5	10
42	4	1
35	11	8
19	8	24
48	2	7
33	5	27
1	1	2
39	12	22
10	13	15
4	3	14
47	11	3
16	11	20
32	1	1
27	1	11
49	6	24
26	14	6
33	9	9
17	7	1
26	8	13
29	10	10
25	9	17
39	7	24
35	10	12
28	1	10
45	7	28
34	12	13
46	10	28
16	6	17
9	9	10
5	11	7
11	1	11
34	1	13
39	3	29
49	12	10
39	2	19
49	6	29
3	12	21
1	10	28
20	3	7
1	9	24
24	9	26
9	5	28
47	4	13
27	13	17
22	13	26
31	8	9
47	3	6
17	1	28
25	3	12
20	4	25
10	11	17
9	8	6
22	9	23
33	1	6
28	8	27
7	9	22
5	11	20
47	2	13
31	2	17
47	10	4
28	8	28
28	5	4
1	4	12
33	3	27
25	4	5
49	11	16
1	6	19
33	5	15
9	4	21
7	8	12
32	7	27
33	2	14
12	14	6
39	2	10
16	6	18
36	7	24
15	9	11
1	13	9
25	13	8
22	6	3
22	13	21
2	1	21
1	12	6
34	11	23
19	4	8
15	5	26
45	7	24
45	12	27
2	9	17
31	3	6
12	12	18
5	5	8
30	5	12
44	11	18
31	9	26
28	10	21
3	3	17
18	8	28
14	8	1
40	1	12
7	6	20
49	7	28
10	4	26
49	10	2
24	1	21
10	4	8
2	7	29
43	8	29
31	13	9
33	12	24
13	12	9
1	11	10
47	9	5
46	6	11
41	1	15
27	13	15
11	2	8
38	11	16
20	4	24
35	6	17
33	8	14
3	11	27
37	7	8
19	4	19
4	2	3
31	1	15
24	2	29
39	7	22
28	7	1
37	9	15
26	4	8
30	4	25
46	11	10
30	12	13
12	12	25
30	10	20
23	11	6
16	4	9
29	13	3
35	7	8
43	14	25
38	13	1
20	7	25
12	10	9
10	13	9
29	8	18
46	14	24
18	5	25
16	3	1
47	1	11
39	4	8
3	11	24
28	7	29
41	3	6
42	4	3
44	2	11
1	14	10
24	11	16
23	8	20
1	7	19
49	7	14
23	7	15
2	3	5
24	1	3
31	2	23
30	8	3
37	6	3
33	14	1
2	5	13
37	9	6
6	8	1
17	12	22
36	6	23
30	13	29
10	8	29
14	12	21
37	13	1
30	4	1
27	5	15
23	7	5
3	5	17
47	6	14
3	5	8
1	13	4
16	3	17
7	7	12
2	11	14
37	14	21
9	8	9
49	11	16
13	4	28
31	8	17
20	4	5
26	3	16
22	11	1
45	4	4
24	6	25
5	6	20
33	5	9
42	11	25
10	1	16
36	11	18
8	10	18
49	11	7
12	8	16
46	5	8
35	4	7
8	8	11
34	3	25
15	14	7
14	8	14
16	5	5
2	11	29
21	11	18
26	7	20
31	12	27
6	11	1
3	3	15
30	1	16
8	1	18
37	13	22
18	10	6
37	13	6
19	13	17
14	4	15
32	9	2
34	1	10
46	3	7
12	4	12
49	10	9
32	13	20
20	10	27
43	3	23
25	13	27
35	11	25
22	11	26
49	14	12
25	7	29
14	12	21
25	2	15
39	11	6
45	11	1
44	13	18
30	11	14
13	3	5
20	4	13
19	12	13
26	14	22
45	3	13
35	2	25
11	6	1
15	11	4
36	12	29
40	8	27
13	6	6
45	4	8
41	13	17
13	2	10
3	4	23
23	1	18
30	3	22
38	6	12
22	14	14
2	10	13
23	9	8
26	4	18
27	14	27
8	13	8
14	14	7
35	4	14
19	4	24
19	3	11
8	7	29
40	7	9
39	12	6
9	12	17
4	8	29
7	13	1
35	7	10
25	7	13
9	11	21
49	10	13
31	2	11
45	6	23
32	11	16
31	6	3
4	2	5
34	9	21
25	4	10
39	10	23
2	10	1
27	9	21
29	12	4
38	8	21
10	3	5
9	7	6
25	2	3
12	6	12
14	7	4
49	7	13
5	12	12
30	13	22
39	2	4
40	1	17
48	5	17
22	7	14
29	5	22
8	4	18
34	12	7
31	4	5
29	9	9
34	10	21
16	9	9
21	6	12
4	10	2
25	4	4
41	12	29
34	6	5
35	14	16
40	13	2
25	3	25
48	4	13
14	4	19
42	2	27
7	3	27
17	2	18
28	3	17
6	12	13
9	13	6
8	14	21
9	8	19
13	13	7
27	2	14
30	4	29
23	14	21
3	8	7
12	6	26
47	4	22
25	6	12
22	12	9
13	2	9
46	10	18
14	13	8
34	12	28
7	14	29
29	10	24
35	2	12
47	13	19
42	3	8
46	11	16
42	2	10
9	5	3
33	8	10
6	12	19
49	8	17
45	12	9
38	13	22
29	11	20
45	5	7
34	2	14
18	5	4
36	12	21
32	14	18
43	13	4
24	9	10
36	14	11
4	14	12
48	3	25
40	4	11
32	4	2
44	14	14
42	11	13
26	4	21
42	4	26
35	13	29
30	2	5
18	3	10
43	9	4
4	6	6
15	13	17
17	1	21
27	14	27
33	9	24
44	3	21
32	3	20
26	4	8
42	3	6
11	4	2
36	1	12
16	11	11
12	4	11
7	8	8
9	3	27
4	14	14
17	7	29
32	3	12
23	8	4
46	7	21
19	2	22
31	12	28
27	5	26
22	10	29
17	8	21
21	5	4
17	11	8
36	13	23
5	2	24
49	12	7
13	5	23
32	11	12
26	8	10
48	8	17
29	13	25
49	5	21
35	1	7
49	9	20
22	10	8
47	8	22
7	8	15
32	3	10
10	10	22
15	13	24
40	6	7
35	3	29
47	2	24
7	5	24
1	4	21
6	4	4
8	9	1
29	12	29
4	14	21
25	12	18
47	6	5
20	3	7
21	11	15
13	14	13
46	1	8
35	9	27
30	2	14
32	3	10
40	4	16
13	9	7
15	7	9
10	3	26
32	9	3
25	10	14
31	13	17
28	10	25
36	6	9
39	13	21
7	5	8
42	9	29
35	3	3
15	14	16
7	11	25
19	1	2
42	2	11
49	1	8
36	4	17
34	8	8
45	7	17
29	1	26
30	12	29
5	12	15
19	5	27
2	7	27
1	5	10
13	14	23
17	2	9
1	2	11
20	1	20
42	6	14
49	8	20
47	11	8
3	11	9
43	9	21
16	10	23
33	10	5
47	10	17
38	4	27
29	9	20
32	10	24
42	8	28
23	1	27
11	1	18
3	4	6
24	7	16
29	10	13
29	11	10
25	13	21
45	4	9
38	6	6
29	6	2
25	1	3
37	13	19
44	7	19
29	13	13
18	4	22
20	1	26
13	1	29
24	5	19
12	8	25
30	7	20
21	7	24
8	14	14
22	12	25
39	10	8
35	14	1
14	8	28
27	6	11
14	5	10
4	1	20
22	8	10
40	4	1
47	3	13
31	3	9
14	14	5
4	7	11
35	11	13
32	14	29
44	1	3
16	2	4
23	2	28
41	1	10
26	14	12
14	11	23
28	10	11
32	4	12
10	4	26
48	6	8
12	12	17
17	13	7
45	9	1
16	3	3
17	7	28
42	8	14
48	7	1
32	1	9
31	4	23
34	2	27
12	7	22
34	9	6
38	3	2
9	6	4
37	4	15
13	5	24
23	6	20
20	14	27
13	9	22
13	10	20
22	4	16
6	2	20
18	10	26
38	2	11
21	11	3
45	13	24
41	6	28
48	4	22
13	12	15
40	7	29
23	8	15
19	11	4
29	9	5
41	13	19
47	10	8
15	14	7
42	5	20
46	7	10
37	7	29
39	12	8
9	8	7
43	5	17
44	1	2
47	5	8
33	14	14
15	1	16
24	14	25
14	14	3
16	8	2
8	9	8
7	12	23
45	10	10
21	2	12
34	6	28
9	13	1
21	4	13
42	7	14
23	5	26
20	13	18
6	8	23
26	11	12
38	12	16
24	11	11
7	13	27
7	11	17
45	2	2
4	13	8
31	5	6
39	10	15
45	8	23
36	5	16
30	3	20
26	6	3
25	14	16
5	10	17
28	5	16
17	7	23
27	1	20
26	13	13
12	14	5
2	9	7
29	6	17
19	8	18
43	6	21
48	9	28
36	8	18
30	4	10
47	8	2
49	3	8
44	2	8
13	5	13
46	7	11
16	8	9
1	3	24
45	7	3
4	9	14
35	12	12
41	9	22
40	2	1
10	9	7
15	7	13
17	9	3
15	1	4
30	6	1
14	9	2
27	1	4
47	14	18
39	3	9
44	6	20
33	2	12
17	2	27
5	10	21
18	9	25
49	11	16
18	2	12
19	8	1
35	4	2
45	4	20
31	8	9
8	7	6
21	9	27
36	4	9
4	3	27
17	3	14
13	14	5
3	7	3
44	8	26
33	14	25
17	7	26
14	7	6
20	3	4
32	9	5
32	9	25
6	5	11
6	5	3
29	10	9
25	8	2
12	4	28
17	11	19
3	6	24
20	12	22
35	14	29
17	9	11
1	6	24
12	11	7
26	8	18
37	11	23
30	11	27
7	3	27
9	5	25
25	9	7
2	11	15
31	6	12
6	4	2
46	7	5
12	1	15
36	12	6
2	5	18
2	12	1
41	9	24
4	3	9
26	7	25
29	3	2
35	13	5
11	9	16
37	10	9
38	13	5
21	7	15
33	7	8
31	1	27
24	12	25
30	1	3
38	6	1
16	10	24
22	1	27
2	12	20
4	5	4
37	1	20
32	10	21
38	12	1
28	14	6
7	4	3
16	9	17
23	14	9
14	7	8
18	14	13
30	9	19
30	8	21
40	11	23
8	14	12
19	14	16
49	11	20
31	5	23
41	10	7
5	9	10
41	7	17
22	5	20
13	3	7
18	14	13
24	5	15
17	3	19
10	2	29
36	5	21
28	11	20
33	11	28
22	8	28
19	14	8
10	10	20
36	2	24
17	9	24
13	2	1
13	7	16
28	13	15
17	2	6
43	13	17
1	9	12
14	13	13
23	2	10
14	3	14
49	7	29
8	6	20
45	5	18
32	6	9
20	13	18
22	1	26
3	5	25
6	10	15
21	1	21
18	12	2
34	14	10
4	8	13
27	3	21
26	14	17
48	6	7
6	13	1
42	1	2
23	4	24
31	13	22
24	11	11
48	8	15
27	14	12
47	5	10
8	13	25
9	8	11
14	2	10
15	5	6
34	8	23
49	4	23
25	7	20
35	1	13
17	8	12
3	7	12
41	3	16
35	10	4
10	4	20
23	6	22
21	3	13
9	5	2
37	8	22
31	7	27
32	7	25
21	12	29
49	3	21
47	7	5
33	14	25
31	12	28
5	1	2
46	4	25
1	3	8
17	5	26
32	3	21
30	1	7
15	11	13
35	7	5
4	7	21
13	8	10
12	2	22
39	8	12
42	10	6
49	6	20
36	10	26
40	5	9
23	1	27
30	5	2
27	6	18
45	13	24
7	11	20
47	2	6
8	12	20
16	11	11
2	5	11
38	14	24
13	4	5
22	12	14
21	9	23
34	4	5
39	14	24
18	12	19
1	11	17
35	9	14
31	3	9
26	9	2
33	11	12
40	10	18
33	10	29
10	8	15
21	7	18
26	8	25
27	10	14
37	11	6
12	8	19
35	12	19
10	13	2
37	1	15
37	14	9
11	10	5
33	12	8
4	4	5
42	2	19
23	14	26
29	13	1
10	8	3
48	14	25
17	14	19
23	10	13
6	11	16
27	5	29
15	2	27
47	3	9
23	13	22
49	11	27
8	3	4
24	8	13
10	4	22
15	5	24
31	9	18
36	11	9
6	13	19
45	5	25
5	4	12
39	8	3
6	5	8
36	5	16
17	9	8
5	5	3
13	14	22
6	5	17
34	11	4
21	13	24
13	4	25
13	6	9
2	6	22
32	3	29
28	13	10
3	6	4
3	1	17
28	9	10
6	14	27
42	2	23
49	10	14
22	7	2
35	2	7
48	1	28
18	9	24
37	8	14
12	9	11
49	6	25
13	10	18
26	3	12
18	3	9
48	10	15
27	2	12
14	6	9
43	2	28
31	3	1
26	6	13
23	9	14
21	14	10
30	3	23
22	3	28
41	9	26
32	6	29
16	3	13
2	14	8
3	2	9
45	9	16
29	1	23
48	13	18
42	8	20
9	14	27
32	12	6
18	1	14
4	14	23
3	3	5
1	7	19
10	5	26
2	10	17
12	12	5
9	13	21
14	12	25
16	2	8
25	6	5
4	10	3
40	12	19
37	8	23
30	14	14
48	9	6
39	2	8
19	6	29
2	3	6
38	12	6
46	11	3
45	8	2
24	2	20
39	4	25
45	7	9
19	8	27
13	5	5
33	8	1
2	2	29
9	1	15
45	1	1
23	12	24
36	10	14
21	8	16
27	1	27
19	7	27
33	10	19
14	8	15
2	4	6
4	13	11
4	5	3
9	13	6
41	7	20
25	10	25
23	12	24
32	2	16
5	9	20
4	8	12
42	9	16
26	6	16
30	9	25
5	6	7
23	6	4
36	8	1
11	3	29
40	12	20
35	6	5
34	14	7
35	14	23
33	5	8
32	5	1
8	13	1
1	6	14
29	3	23
20	6	3
32	12	11
21	1	24
42	12	1
19	13	20
30	6	11
21	12	2
43	2	8
49	2	8
47	12	14
11	2	7
20	4	18
8	1	5
22	4	8
21	12	14
1	11	29
18	6	29
5	3	12
36	8	9
42	10	23
4	7	8
19	9	21
40	14	19
4	7	10
11	14	16
38	7	8
38	14	9
15	9	12
23	2	28
41	10	22
15	5	12
19	6	23
1	1	5
39	4	23
17	5	28
34	13	6
42	14	3
2	1	21
23	11	26
44	13	15
37	14	10
44	11	5
46	12	18
38	11	12
6	14	22
27	14	9
22	11	7
39	14	21
34	4	8
34	13	18
45	2	5
33	1	8
22	7	16
40	11	2
28	2	6
33	13	2
48	13	24
28	7	4
14	14	1
30	3	15
45	4	27
2	13	19
13	7	28
25	2	16
39	9	1
9	4	26
27	1	10
9	11	1
39	5	20
1	6	3
12	12	8
1	13	15
9	8	7
27	6	15
5	7	24
14	11	24
5	2	22
7	1	6
9	11	15
44	4	16
47	4	1
44	4	8
14	11	22
26	14	20
33	14	18
42	2	8
10	8	17
43	13	9
16	2	23
3	12	5
1	4	9
35	9	5
23	3	7
27	14	1
4	9	4
4	7	3
29	5	19
13	10	21
48	2	11
36	8	5
26	4	28
28	8	21
19	14	12
23	6	26
3	10	16
27	12	10
10	4	20
34	7	15
26	11	17
29	11	15
40	11	19
3	1	23
4	8	2
19	10	15
33	2	29
39	3	2
10	6	8
1	8	9
25	12	22
23	1	23
7	11	7
45	10	19
12	14	19
37	7	9
14	12	17
9	1	11
26	11	16
26	6	10
12	12	6
17	8	7
3	9	14
15	4	27
13	11	14
17	8	7
21	7	28
48	11	21
36	5	23
18	14	9
12	9	12
46	10	26
22	13	13
21	10	25
41	14	17
34	13	8
45	3	6
16	2	28
19	4	2
24	9	8
21	10	21
9	1	19
26	5	3
29	13	19
39	1	23
5	2	23
8	1	12
26	7	22
5	13	15
22	8	12
41	14	9
9	14	1
8	10	27
46	3	18
9	5	9
28	8	3
9	4	4
13	5	16
43	13	7
47	2	5
7	1	23
34	11	28
17	9	1
38	14	14
43	4	26
39	5	4
22	8	12
20	4	9
15	8	18
38	5	3
38	3	17
38	12	3
41	7	17
18	4	27
5	6	10
32	6	4
32	2	17
6	8	17
38	11	23
24	6	6
17	9	10
46	14	22
45	2	13
40	14	25
28	2	9
24	5	25
47	10	6
26	2	7
25	10	21
1	14	3
15	5	4
19	1	19
29	3	13
30	11	8
34	12	4
38	8	12
13	4	12
46	8	22
1	12	14
4	7	10
1	13	4
18	7	18
36	3	3
32	13	6
22	5	27
45	12	8
6	11	4
15	11	21
33	6	24
19	5	7
10	8	21
5	9	25
8	5	11
26	1	11
16	9	12
12	7	6
40	2	29
9	14	21
12	10	5
21	10	4
39	5	25
43	7	12
24	5	22
5	11	16
46	9	21
38	14	4
17	7	26
30	8	7
12	1	16
49	12	26
34	11	19
12	11	20
26	7	5
49	11	5
23	11	11
23	4	12
1	7	22
1	2	8
12	3	23
30	9	13
42	7	15
43	6	1
44	10	25
2	4	16
49	5	21
37	3	25
43	12	23
8	14	12
8	10	20
19	14	16
45	13	24
36	3	8
32	9	10
18	8	17
26	14	7
11	1	22
28	8	2
46	11	25
34	10	15
6	10	21
18	8	21
16	2	10
35	4	6
21	2	17
27	8	7
10	9	1
8	14	20
46	12	15
25	14	6
49	1	14
39	8	26
30	14	2
42	4	25
44	8	23
28	2	12
24	6	6
31	7	2
24	14	23
3	6	20
12	12	5
9	11	7
35	10	18
33	14	16
9	5	12
8	4	13
44	6	21
5	1	17
48	6	17
21	5	16
6	8	17
19	9	12
35	11	23
27	13	14
40	12	14
34	7	4
32	5	21
17	3	2
48	2	24
30	3	11
33	4	11
2	8	12
47	12	22
1	7	16
32	5	15
11	4	6
5	5	27
22	12	29
42	11	12
26	6	14
30	2	16
22	13	17
7	11	8
4	11	19
20	9	26
9	10	24
27	11	26
30	7	26
21	3	15
19	3	23
1	7	12
13	6	11
1	3	14
46	2	15
46	1	17
14	1	5
6	10	3
28	14	19
31	14	18
32	1	20
5	11	17
24	2	9
13	3	7
26	3	15
18	9	20
19	10	14
16	3	5
16	4	16
34	7	14
38	9	12
37	6	6
39	12	10
46	7	28
15	1	27
47	9	15
31	3	10
48	4	10
7	5	26
26	11	15
3	12	19
40	7	15
40	11	23
15	9	24
18	7	7
27	1	4
13	6	20
1	1	7
7	12	12
4	9	2
16	4	2
41	13	19
16	7	16
20	2	24
36	5	18
27	9	24
6	9	9
36	4	12
41	1	22
20	10	21
7	11	5
36	14	10
37	8	17
28	4	16
31	13	8
43	4	22
31	9	6
29	14	1
38	9	1
34	14	25
45	13	24
40	4	12
32	1	10
15	12	3
12	8	11
37	2	12
7	14	23
49	11	3
26	8	23
7	14	12
16	1	16
36	10	10
36	12	18
43	3	8
21	5	23
6	5	12
34	1	14
31	8	1
4	13	5
37	4	21
31	8	2
46	14	22
26	8	26
2	1	10
38	4	22
25	9	13
15	6	6
18	7	27
46	10	15
26	10	23
9	14	16
44	4	21
11	7	11
3	9	25
27	10	1
8	12	9
14	8	10
36	7	25
26	4	3
7	1	8
12	14	25
6	13	1
39	13	2
3	5	3
3	4	25
18	12	23
44	11	25
12	4	4
22	7	16
33	6	28
30	1	14
5	12	17
1	6	24
1	6	29
12	3	8
12	10	6
2	3	13
15	4	7
21	14	22
36	10	12
24	2	16
4	7	7
31	14	13
13	5	13
49	13	13
44	1	2
42	3	23
18	9	6
26	5	24
13	10	24
42	4	22
20	8	7
22	3	23
2	9	21
38	11	24
2	5	11
39	8	29
35	13	14
31	2	15
17	8	5
20	5	9
30	6	3
34	9	11
10	7	25
14	12	18
5	9	26
19	8	29
24	7	4
42	2	12
13	11	12
37	2	18
31	9	8
20	3	11
36	5	21
49	9	4
8	6	2
44	8	16
31	14	2
8	13	26
9	11	9
34	6	24
47	7	10
12	10	6
17	10	12
26	10	5
14	8	26
1	10	21
17	6	8
43	2	6
28	7	21
19	4	12
4	1	27
44	1	5
40	13	23
44	8	25
7	2	9
44	13	13
1	3	2
29	5	2
29	2	10
7	10	6
23	14	14
1	7	18
13	6	14
35	3	23
47	7	24
20	11	1
43	10	18
16	5	2
17	7	21
43	5	28
41	10	8
29	7	18
19	2	20
35	9	14
47	5	28
14	9	26
12	3	11
16	4	29
29	3	18
20	10	28
44	6	3
27	13	16
27	6	1
11	1	18
18	3	2
8	6	2
6	1	26
42	9	4
29	8	12
14	1	9
49	14	14
35	12	8
19	6	13
21	11	8
43	1	5
38	14	3
45	6	23
28	4	18
5	1	22
48	14	11
8	4	11
36	4	1
7	10	11
40	11	29
31	10	10
30	14	19
47	12	17
16	5	17
26	7	21
43	9	23
25	6	13
3	4	14
44	2	23
7	9	9
36	2	20
40	13	17
14	7	2
7	1	5
40	12	27
39	4	24
16	4	1
29	5	11
27	9	13
42	11	25
42	12	6
13	9	8
46	10	15
7	9	5
36	6	12
14	4	13
28	2	27
48	12	11
14	3	24
15	4	10
8	7	22
10	4	6
48	8	8
33	13	16
15	3	20
43	12	28
48	4	11
1	4	19
47	13	29
40	14	13
22	9	13
9	14	5
20	8	3
10	5	20
9	13	7
19	10	19
35	6	9
43	5	1
49	3	5
7	4	12
11	3	17
41	4	8
4	2	6
25	7	10
41	11	28
33	12	11
20	9	6
17	2	17
7	9	10
22	3	25
49	4	9
35	14	4
6	5	20
48	5	17
23	3	28
48	1	16
3	5	10
39	11	20
11	13	3
1	10	19
46	10	27
18	8	6
3	2	23
41	8	15
35	7	8
31	13	26
31	3	16
39	6	26
26	3	16
30	7	4
3	2	20
2	1	20
32	2	21
37	13	26
37	4	22
41	2	9
20	9	29
10	6	15
6	3	8
3	12	9
32	7	20
33	11	14
40	10	12
31	14	23
10	13	8
32	1	6
6	10	4
14	4	26
7	13	21
9	13	26
21	9	8
20	2	14
11	2	14
15	1	12
44	11	19
10	14	15
12	7	4
4	14	5
9	6	7
39	8	26
37	10	22
26	3	12
27	12	24
39	7	28
36	12	20
36	6	13
12	13	26
12	13	14
38	5	19
6	4	21
13	6	16
28	8	11
32	6	17
12	10	6
33	7	1
8	5	4
23	7	1
39	8	18
1	7	21
15	11	26
38	7	17
6	8	1
22	3	8
16	2	1
43	14	8
34	8	14
22	9	29
25	10	23
35	7	26
45	8	2
32	6	19
35	7	7
31	8	26
2	11	5
43	2	11
49	13	17
18	5	28
12	12	4
43	4	23
39	6	3
7	8	19
11	10	21
19	3	15
2	1	1
29	6	26
41	10	15
21	10	16
16	8	6
6	6	15
25	12	7
22	12	5
40	13	6
26	10	14
33	9	22
3	5	8
46	10	13
12	1	18
14	6	21
27	12	28
22	2	8
10	13	10
14	9	7
42	11	16
34	5	29
2	11	3
40	4	8
46	3	22
4	4	24
31	3	14
22	4	2
12	2	17
10	7	22
20	11	21
2	2	26
45	8	21
31	4	18
31	11	17
35	8	26
26	2	19
27	10	13
39	6	16
23	7	8
22	12	9
18	6	14
27	13	4
43	3	21
4	1	27
42	12	16
25	8	17
33	10	10
5	12	4
14	4	20
18	7	3
24	3	12
16	4	10
5	3	18
38	10	28
46	7	19
27	14	17
49	14	27
34	11	6
47	4	17
18	4	19
23	8	22
30	9	24
26	8	17
10	6	11
47	13	29
20	3	11
24	11	9
5	6	14
10	12	13
10	6	29
39	11	27
48	5	5
11	5	26
40	1	13
49	12	17
27	11	25
10	8	3
9	13	15
17	6	5
13	6	24
20	5	5
30	6	20
23	14	17
42	3	25
25	10	21
44	2	16
45	10	2
28	1	24
44	9	26
20	9	28
49	14	27
3	6	21
14	6	12
44	2	22
14	5	12
12	10	6
39	7	9
30	5	23
37	12	9
18	11	24
39	1	11
32	13	7
48	7	8
1	9	21
7	1	17
16	5	20
21	10	27
35	9	6
33	6	19
7	5	17
20	13	20
29	2	2
20	9	14
9	4	7
46	11	25
29	7	10
11	7	16
32	14	2
44	2	13
10	14	14
29	12	5
34	9	21
2	8	27
25	13	20
10	4	11
35	11	25
17	2	27
16	13	26
2	11	29
30	10	1
30	3	19
1	9	14
4	4	5
7	8	27
20	10	16
44	7	21
34	3	10
31	12	27
28	4	27
14	10	25
37	6	25
44	13	21
1	3	19
46	9	16
33	4	16
1	13	7
18	2	9
13	13	15
35	14	11
37	7	10
27	12	17
16	6	5
3	8	24
40	13	9
4	11	17
38	14	19
19	8	11
34	14	16
27	7	15
18	3	27
18	4	21
16	6	25
48	5	25
19	14	12
21	8	8
2	3	5
47	14	2
36	6	27
47	12	25
3	11	27
32	10	10
43	7	19
28	11	12
36	12	18
39	1	17
49	4	12
13	8	9
18	6	8
44	9	27
40	6	16
48	13	18
46	11	8
3	8	4
31	7	13
38	4	4
22	14	11
17	14	17
24	12	8
31	5	9
5	14	24
36	11	12
42	11	27
49	13	9
16	14	21
14	9	2
42	9	6
6	7	20
28	7	12
47	7	4
18	5	13
49	14	17
15	13	22
3	13	15
12	7	3
3	1	1
43	3	5
10	11	21
5	14	17
7	3	8
49	13	7
39	10	17
43	5	29
9	14	22
16	12	20
34	13	29
31	7	14
18	2	9
47	3	15
36	13	28
49	3	22
23	1	1
13	7	24
24	3	21
3	10	7
22	13	29
1	6	4
28	8	20
40	9	24
47	12	15
4	2	13
1	3	24
49	13	23
34	7	13
10	2	9
37	5	12
3	8	9
26	10	14
42	7	20
4	9	12
10	5	18
16	6	3
15	1	15
22	7	1
11	5	29
34	6	12
19	2	10
20	13	10
10	8	13
47	3	22
8	13	7
18	7	4
41	13	21
12	7	9
44	9	2
14	5	11
25	3	2
14	10	17
5	12	12
13	2	25
32	5	25
38	4	17
39	13	26
42	12	15
33	3	19
2	8	9
15	14	8
3	7	1
34	13	6
33	4	20
36	8	23
43	9	3
21	2	10
25	7	13
25	10	9
29	9	17
47	1	9
6	14	6
30	9	27
42	2	12
18	2	18
10	2	9
36	12	17
26	9	11
47	12	14
40	8	24
35	2	8
32	10	7
19	9	18
29	4	29
10	9	1
46	3	10
42	5	16
2	12	24
49	6	13
46	3	6
36	12	1
6	3	29
8	10	13
19	12	15
35	3	16
29	5	2
18	1	19
7	14	7
14	10	8
22	10	9
38	7	14
21	13	14
48	2	12
2	11	13
45	7	15
2	5	21
15	6	4
20	9	4
27	9	26
39	12	15
37	10	2
8	9	11
2	5	8
4	9	7
31	5	8
11	4	15
37	4	11
28	2	8
9	6	26
16	13	9
29	3	8
46	5	2
20	11	25
7	14	2
21	4	24
44	11	8
44	5	11
19	1	18
7	3	17
39	14	7
25	11	12
49	7	13
48	10	1
9	12	15
32	9	8
16	2	27
22	5	18
30	7	16
46	3	4
33	12	4
25	9	23
31	9	9
31	7	22
18	13	3
13	10	16
43	11	13
18	12	2
33	5	21
32	13	8
43	1	9
17	5	27
44	10	6
36	1	29
48	10	21
10	2	11
26	5	22
2	1	14
33	5	29
5	12	8
4	14	22
1	11	12
22	1	18
9	6	1
16	2	22
23	6	5
18	7	8
16	2	16
27	12	29
41	10	29
46	12	25
47	10	2
12	14	27
16	11	2
39	5	29
36	10	27
36	3	28
41	11	11
49	11	25
10	7	28
19	9	11
30	4	16
9	6	14
34	4	12
12	1	21
10	8	24
27	12	4
4	2	14
4	2	3
23	14	27
11	1	15
48	14	5
35	3	3
22	8	10
22	1	29
26	9	21
33	12	7
2	10	19
40	5	15
45	8	5
24	10	13
28	7	6
45	4	4
28	8	11
36	2	8
40	9	2
24	8	15
19	12	5
35	3	12
42	3	18
32	11	19
47	14	25
44	13	18
39	9	11
30	2	9
42	5	17
19	1	20
22	7	29
32	2	27
15	12	8
39	1	3
24	13	21
36	11	4
22	14	22
23	10	28
8	11	21
43	13	26
42	7	5
46	3	11
33	5	26
46	9	2
16	1	17
13	2	6
28	2	16
21	14	3
47	14	22
3	7	10
11	6	29
20	14	17
47	8	21
18	1	14
13	7	10
35	2	20
20	13	20
26	5	22
17	6	16
4	14	7
31	9	24
